orientacaoVoto,codTipoLideranca,siglaPartidoBloco,codPartidoBloco,id_votacao
Sim,B,Maioria,,2345493-35
Sim,B,Fdr PSOL-REDE,,2345493-35
Sim,B,Bl UniPpFdrPsdbCid...,,2345493-35
Não,P,PL,37906.0,2345493-35
Sim,B,Fdr PT-PCdoB-PV,,2345493-35
Sim,B,Governo,,2345493-35
Sim,B,Bl MdbPsdRepPodePsc,,2345493-35
Não,B,Oposição,,2345493-35
Não,P,NOVO,37901.0,2345493-35
Não,B,Minoria,,2345493-35
Sim,B,Governo,,2345493-41
Sim,B,Maioria,,2345493-41
Não,P,PL,37906.0,2345493-41
Não,P,NOVO,37901.0,2345493-41
Sim,B,Bl UniPpFdrPsdbCid...,,2345493-41
Não,B,Oposição,,2345493-41
Não,B,Minoria,,2345493-41
Sim,B,Bl MdbPsdRepPodePsc,,2345493-41
Sim,B,Fdr PT-PCdoB-PV,,2345493-41
Sim,B,Fdr PSOL-REDE,,2345493-41
Não,B,Minoria,,2345493-44
Não,P,NOVO,37901.0,2345493-44
Sim,B,Maioria,,2345493-44
Sim,B,Fdr PT-PCdoB-PV,,2345493-44
Sim,B,Governo,,2345493-44
Sim,B,Bl MdbPsdRepPodePsc,,2345493-44
Não,B,Oposição,,2345493-44
Sim,B,Fdr PSOL-REDE,,2345493-44
Sim,B,Bl UniPpFdrPsdbCid...,,2345493-44
Não,P,PL,37906.0,2345493-44
,B,Maioria,,2345493-50
Não,B,Bl UniPpFdrPsdbCid...,,2345493-50
Sim,P,NOVO,37901.0,2345493-50
Não,B,Governo,,2345493-50
Não,B,Fdr PT-PCdoB-PV,,2345493-50
Sim,B,Minoria,,2345493-50
Liberado,B,Bl MdbPsdRepPodePsc,,2345493-50
Não,B,Fdr PSOL-REDE,,2345493-50
Sim,B,Oposição,,2345493-50
Sim,P,PL,37906.0,2345493-50
Sim,B,Bl UniPpFdrPsdbCid...,,2345493-47
Não,B,Minoria,,2345493-47
Sim,B,Bl MdbPsdRepPodePsc,,2345493-47
Sim,B,Governo,,2345493-47
Sim,B,Maioria,,2345493-47
Sim,B,Fdr PSOL-REDE,,2345493-47
Não,P,NOVO,37901.0,2345493-47
Não,B,Oposição,,2345493-47
Não,P,PL,37906.0,2345493-47
Sim,B,Fdr PT-PCdoB-PV,,2345493-47
Sim,B,Governo,,2345493-38
Não,B,Minoria,,2345493-38
Não,P,NOVO,37901.0,2345493-38
Sim,B,Maioria,,2345493-38
Não,P,PL,37906.0,2345493-38
Sim,B,Fdr PSOL-REDE,,2345493-38
Sim,B,Bl UniPpFdrPsdbCid...,,2345493-38
Não,B,Oposição,,2345493-38
Sim,B,Bl MdbPsdRepPodePsc,,2345493-38
Sim,B,Fdr PT-PCdoB-PV,,2345493-38
Não,P,NOVO,37901.0,2115253-179
Sim,B,Fdr PT-PCdoB-PV,,2115253-179
Não,P,PL,37906.0,2115253-179
Sim,B,Bl UniPpFdrPsdbCid...,,2115253-179
Não,B,Oposição,,2115253-179
Sim,B,Governo,,2115253-179
Não,B,Minoria,,2115253-179
Sim,B,Maioria,,2115253-179
Liberado,B,Bl MdbPsdRepPode,,2115253-179
Sim,B,Fdr PSOL-REDE,,2115253-179
Sim,B,Bl UniPpFdrPsdbCid...,,2115253-175
Não,B,Minoria,,2115253-175
Sim,B,Maioria,,2115253-175
Liberado,B,Bl MdbPsdRepPode,,2115253-175
Não,P,PL,37906.0,2115253-175
Sim,B,Governo,,2115253-175
Sim,B,Fdr PT-PCdoB-PV,,2115253-175
Não,B,Oposição,,2115253-175
Não,P,NOVO,37901.0,2115253-175
Sim,B,Fdr PSOL-REDE,,2115253-175
Sim,P,NOVO,37901.0,2115253-167
Não,B,Governo,,2115253-167
Sim,P,PL,37906.0,2115253-167
Não,B,Fdr PSOL-REDE,,2115253-167
Não,B,Fdr PT-PCdoB-PV,,2115253-167
Não,B,Bl UniPpFdrPsdbCid...,,2115253-167
Sim,B,Oposição,,2115253-167
Não,B,Maioria,,2115253-167
Sim,B,Minoria,,2115253-167
Liberado,B,Bl MdbPsdRepPode,,2115253-167
Sim,B,Bl MdbPsdRepPode,,2115253-183
Não,P,PL,37906.0,2115253-183
Sim,B,Maioria,,2115253-183
Não,B,Oposição,,2115253-183
Sim,B,Governo,,2115253-183
Sim,B,Fdr PSOL-REDE,,2115253-183
Sim,B,Bl UniPpFdrPsdbCid...,,2115253-183
Sim,B,Fdr PT-PCdoB-PV,,2115253-183
Não,P,NOVO,37901.0,2115253-183
Não,B,Minoria,,2115253-183
Sim,P,PL,37906.0,2115253-156
Sim,B,Oposição,,2115253-156
Não,B,Bl MdbPsdRepPode,,2115253-156
Não,B,Maioria,,2115253-156
Sim,B,Minoria,,2115253-156
Não,B,Bl UniPpFdrPsdbCid...,,2115253-156
Não,B,Fdr PT-PCdoB-PV,,2115253-156
Não,B,Fdr PSOL-REDE,,2115253-156
Sim,P,NOVO,37901.0,2115253-156
Não,B,Governo,,2115253-156
Liberado,B,Bl MdbPsdRepPodePsc,,2115253-118
Não,B,Minoria,,2115253-118
Sim,B,Fdr PT-PCdoB-PV,,2115253-118
Não,B,Oposição,,2115253-118
Liberado,B,Bl UniPpFdrPsdbCid...,,2115253-118
,B,Maioria,,2115253-118
Não,P,PL,37906.0,2115253-118
Sim,B,Governo,,2115253-118
Não,P,NOVO,37901.0,2115253-118
Sim,B,Fdr PSOL-REDE,,2115253-118
Obstrução,B,Minoria,,2115253-172
Não,B,Fdr PSOL-REDE,,2115253-172
Obstrução,P,PL,37906.0,2115253-172
Não,B,Governo,,2115253-172
Não,B,Maioria,,2115253-172
Obstrução,B,Oposição,,2115253-172
Não,B,Bl UniPpFdrPsdbCid...,,2115253-172
Não,B,Fdr PT-PCdoB-PV,,2115253-172
Liberado,B,Bl MdbPsdRepPode,,2115253-172
Obstrução,P,NOVO,37901.0,2115253-172
Sim,B,Oposição,,2115253-111
Sim,P,PL,37906.0,2115253-111
Não,B,Governo,,2115253-111
Não,B,Fdr PSOL-REDE,,2115253-111
,B,Maioria,,2115253-111
Sim,B,Minoria,,2115253-111
Liberado,B,Bl UniPpFdrPsdbCid...,,2115253-111
Sim,P,NOVO,37901.0,2115253-111
Não,B,Fdr PT-PCdoB-PV,,2115253-111
Liberado,B,Bl MdbPsdRepPodePsc,,2115253-111
Não,B,Fdr PT-PCdoB-PV,,2345493-31
Não,B,Fdr PSOL-REDE,,2345493-31
Não,B,Maioria,,2345493-31
Sim,P,NOVO,37901.0,2345493-31
Sim,P,PL,37906.0,2345493-31
Não,B,Governo,,2345493-31
Sim,B,Oposição,,2345493-31
Não,B,Bl MdbPsdRepPodePsc,,2345493-31
Sim,B,Minoria,,2345493-31
Não,B,Bl UniPpFdrPsdbCid...,,2345493-31
Liberado,B,Bl UniPpFdrPsdbCid...,,2115253-104
Sim,B,Minoria,,2115253-104
Liberado,B,Bl MdbPsdRepPodePsc,,2115253-104
Não,B,Governo,,2115253-104
,B,Maioria,,2115253-104
Sim,P,NOVO,37901.0,2115253-104
Sim,B,Oposição,,2115253-104
Não,B,Fdr PSOL-REDE,,2115253-104
Sim,P,PL,37906.0,2115253-104
Não,B,Fdr PT-PCdoB-PV,,2115253-104
,B,Maioria,,2115253-116
Sim,P,NOVO,37901.0,2115253-116
Sim,B,Minoria,,2115253-116
Sim,P,PL,37906.0,2115253-116
Liberado,B,Bl MdbPsdRepPodePsc,,2115253-116
Não,B,Bl UniPpFdrPsdbCid...,,2115253-116
Sim,B,Oposição,,2115253-116
Não,B,Fdr PSOL-REDE,,2115253-116
Não,B,Fdr PT-PCdoB-PV,,2115253-116
Não,B,Governo,,2115253-116
Não,P,NOVO,37901.0,2359287-7
Sim,B,Fdr PSOL-REDE,,2359287-7
Sim,B,Governo,,2359287-7
Sim,B,Bl UniPpFdrPsdbCid...,,2359287-7
Não,B,Minoria,,2359287-7
Não,B,Oposição,,2359287-7
Liberado,B,Bl MdbPsdRepPodePsc,,2359287-7
Sim,B,Fdr PT-PCdoB-PV,,2359287-7
Não,P,PL,37906.0,2359287-7
,B,Maioria,,2359287-7
Liberado,B,Oposição,,1197773-90
Não,P,NOVO,37901.0,1197773-90
Sim,B,Bl UniPpFdrPsdbCid...,,1197773-90
Sim,B,Bl MdbPsdRepPodePsc,,1197773-90
Sim,B,Governo,,1197773-90
Liberado,P,PL,37906.0,1197773-90
,B,Fdr PSOL-REDE,,1197773-90
Sim,B,Fdr PT-PCdoB-PV,,1197773-90
Não,B,Minoria,,1197773-90
,B,Maioria,,1197773-90
Não,B,Bl UniPpFdrPsdbCid...,,1197773-140
Não,B,Oposição,,1197773-140
Não,B,Fdr PSOL-REDE,,1197773-140
Liberado,B,Governo,,1197773-140
Não,B,Bl MdbPsdRepPode,,1197773-140
Não,P,PL,37906.0,1197773-140
Não,B,Minoria,,1197773-140
Não,P,PSB,36832.0,1197773-140
Não,B,Fdr PT-PCdoB-PV,,1197773-140
Não,P,NOVO,37901.0,1197773-140
Não,B,Maioria,,1197773-140
Não,B,Bl MdbPsdRepPodePsc,,1197773-99
Liberado,B,Bl UniPpFdrPsdbCid...,,1197773-99
Liberado,B,Oposição,,1197773-99
Não,P,NOVO,37901.0,1197773-99
Não,B,Governo,,1197773-99
Não,B,Fdr PSOL-REDE,,1197773-99
Não,B,Fdr PT-PCdoB-PV,,1197773-99
Sim,P,PL,37906.0,1197773-99
Liberado,B,Minoria,,1197773-99
Não,B,Maioria,,1197773-99
Liberado,B,Oposição,,2375501-8
Não,P,NOVO,37901.0,2375501-8
Sim,B,Bl MdbPsdRepPodePsc,,2375501-8
Sim,B,Bl UniPpFdrPsdbCid...,,2375501-8
Sim,B,Governo,,2375501-8
Sim,P,PL,37906.0,2375501-8
Sim,B,Fdr PT-PCdoB-PV,,2375501-8
Sim,B,Fdr PSOL-REDE,,2375501-8
Não,B,Minoria,,2375501-8
Sim,B,Maioria,,2375501-8
Não,P,PDT,36786.0,2345680-86
Não,P,PL,37906.0,2345680-86
Não,B,Oposição,,2345680-86
Não,P,REPUBLICANOS,37908.0,2345680-86
Não,P,PODE,36896.0,2345680-86
Não,B,Minoria,,2345680-86
Não,P,PSD,36834.0,2345680-86
Sim,B,Fdr PSOL-REDE,,2345680-86
Liberado,B,Governo,,2345680-86
Não,P,NOVO,37901.0,2345680-86
Sim,B,Fdr PT-PCdoB-PV,,2345680-86
Liberado,B,Bl UniPpFdrPsdbCid...,,2357898-11
Não,B,Fdr PSOL-REDE,,2357898-11
Sim,B,Minoria,,2357898-11
Sim,P,NOVO,37901.0,2357898-11
Não,B,Governo,,2357898-11
Sim,P,PL,37906.0,2357898-11
Sim,B,Oposição,,2357898-11
Não,B,Fdr PT-PCdoB-PV,,2357898-11
Não,B,Maioria,,2357898-11
Liberado,B,Bl MdbPsdRepPode,,2357898-11
Sim,B,Maioria,,2347150-73
Liberado,B,Governo,,2347150-73
Sim,P,PSD,36834.0,2347150-73
Sim,P,UNIÃO,38009.0,2347150-73
Sim,P,PL,37906.0,2347150-73
Sim,B,Oposição,,2347150-73
Sim,B,Minoria,,2347150-73
Sim,P,PODE,36896.0,2347150-73
Sim,B,Fdr PT-PCdoB-PV,,2347150-73
Sim,P,NOVO,37901.0,2347150-73
Sim,P,REPUBLICANOS,37908.0,2347150-73
Sim,B,Maioria,,2377518-12
Sim,B,Oposição,,2377518-12
Sim,B,Minoria,,2377518-12
Sim,B,Bl MdbPsdRepPode,,2377518-12
Sim,B,Fdr PT-PCdoB-PV,,2377518-12
Sim,P,NOVO,37901.0,2377518-12
Sim,B,Bl UniPpFdrPsdbCid...,,2377518-12
Sim,P,PL,37906.0,2377518-12
Sim,B,Fdr PSOL-REDE,,2377518-12
Sim,B,Governo,,2377518-12
Não,B,Fdr PT-PCdoB-PV,,2348298-56
Liberado,P,PL,37906.0,2348298-56
Não,P,MDB,36899.0,2348298-56
Não,B,Maioria,,2348298-56
Não,P,PP,37903.0,2348298-56
Não,B,Governo,,2348298-56
Sim,B,Oposição,,2348298-56
Não,,Fdr PSDB-CIDADAN,,2348298-56
Não,B,Oposição,,2348298-58
Sim,P,PP,37903.0,2348298-58
Sim,P,PDT,36786.0,2348298-58
Liberado,P,PL,37906.0,2348298-58
Sim,B,Fdr PT-PCdoB-PV,,2348298-58
Não,B,Minoria,,2348298-58
Sim,B,Maioria,,2348298-58
Sim,P,MDB,36899.0,2348298-58
Não,B,Maioria,,2348298-27
Não,P,SOLIDARIEDADE,37904.0,2348298-27
Não,B,Governo,,2348298-27
Sim,B,Oposição,,2348298-27
Sim,P,PL,37906.0,2348298-27
Sim,B,Minoria,,2348298-27
Não,P,PDT,36786.0,2348298-27
Não,B,Fdr PT-PCdoB-PV,,2348298-27
Sim,P,PP,37903.0,2349447-30
Sim,B,Maioria,,2349447-30
Sim,B,Fdr PSOL-REDE,,2349447-30
Liberado,P,PL,37906.0,2349447-30
Sim,P,AVANTE,36898.0,2349447-30
Sim,B,Fdr PT-PCdoB-PV,,2349447-30
Sim,P,PDT,36786.0,2349447-30
Não,P,UNIÃO,38009.0,2349447-30
Sim,B,Governo,,2349447-30
Não,P,NOVO,37901.0,2349447-30
Sim,P,MDB,36899.0,2349447-30
Sim,P,PSD,36834.0,2349447-30
Sim,B,Bl UniPpFdrPsdbCid...,,2349493-92
Sim,B,Minoria,,2349493-92
Não,P,PSB,36832.0,2349493-92
Não,B,Governo,,2349493-92
Não,B,Fdr PT-PCdoB-PV,,2349493-92
Sim,P,PL,37906.0,2349493-92
Liberado,B,Maioria,,2349493-92
Não,B,Fdr PSOL-REDE,,2349493-92
Sim,P,NOVO,37901.0,2349493-92
Liberado,B,Bl MdbPsdRepPode,,2349493-92
Sim,B,Oposição,,2349493-92
Não,P,PSB,36832.0,2349493-95
Sim,B,Oposição,,2349493-95
Liberado,B,Maioria,,2349493-95
Sim,P,NOVO,37901.0,2349493-95
Sim,P,PL,37906.0,2349493-95
Não,B,Fdr PT-PCdoB-PV,,2349493-95
Sim,B,Minoria,,2349493-95
Não,B,Governo,,2349493-95
Liberado,B,Bl MdbPsdRepPode,,2349493-95
Não,B,Fdr PSOL-REDE,,2349493-95
Sim,B,Bl UniPpFdrPsdbCid...,,2349493-95
Não,P,NOVO,37901.0,2349493-80
Não,B,Minoria,,2349493-80
Não,B,Bl UniPpFdrPsdbCid...,,2349493-80
Sim,P,PSB,36832.0,2349493-80
Sim,B,Governo,,2349493-80
Liberado,B,Maioria,,2349493-80
Sim,B,Fdr PSOL-REDE,,2349493-80
Não,P,PL,37906.0,2349493-80
Sim,B,Fdr PT-PCdoB-PV,,2349493-80
Não,B,Oposição,,2349493-80
Liberado,B,Bl MdbPsdRepPode,,2349493-80
,B,Bl MdbPsdRepPode,,2349493-100
Não,B,Oposição,,2349493-100
Sim,B,Governo,,2349493-100
Sim,B,Fdr PT-PCdoB-PV,,2349493-100
Sim,P,PSB,36832.0,2349493-100
Não,P,PL,37906.0,2349493-100
Liberado,B,Maioria,,2349493-100
Não,B,Bl UniPpFdrPsdbCid...,,2349493-100
Sim,B,Fdr PSOL-REDE,,2349493-100
Não,P,NOVO,37901.0,2349493-100
Não,B,Minoria,,2349493-100
Sim,,Fdr PSDB-CIDADAN,,2349493-51
Não,B,Fdr PSOL-REDE,,2349493-51
Não,B,Fdr PT-PCdoB-PV,,2349493-51
Sim,B,Oposição,,2349493-51
Sim,B,Minoria,,2349493-51
Sim,P,MDB,36899.0,2349493-51
Sim,P,PL,37906.0,2349493-51
Não,B,Governo,,2349493-51
Não,B,Maioria,,2349493-51
Sim,P,REPUBLICANOS,37908.0,2349493-51
Sim,P,PP,37903.0,2349493-51
Sim,B,Governo,,2349493-118
Sim,B,Fdr PT-PCdoB-PV,,2349493-118
Não,P,NOVO,37901.0,2349493-118
Liberado,B,Bl MdbPsdRepPode,,2349493-118
Não,B,Oposição,,2349493-118
Liberado,B,Maioria,,2349493-118
Sim,B,Fdr PSOL-REDE,,2349493-118
Não,P,PL,37906.0,2349493-118
Não,B,Bl UniPpFdrPsdbCid...,,2349493-118
Sim,P,PSB,36832.0,2349493-118
Não,B,Minoria,,2349493-118
Obstrução,B,Fdr PT-PCdoB-PV,,2349493-47
Não,P,PP,37903.0,2349493-47
Obstrução,B,Fdr PSOL-REDE,,2349493-47
Não,B,Oposição,,2349493-47
Não,,Fdr PSDB-CIDADAN,,2349493-47
Obstrução,B,Maioria,,2349493-47
Obstrução,B,Governo,,2349493-47
Não,P,REPUBLICANOS,37908.0,2349493-47
Não,P,MDB,36899.0,2349493-47
Não,P,PL,37906.0,2349493-47
Sim,B,Governo,,2349493-37
Sim,B,Maioria,,2349493-37
Liberado,P,PSD,36834.0,2349493-37
Não,P,REPUBLICANOS,37908.0,2349493-37
Sim,P,PDT,36786.0,2349493-37
Não,P,PL,37906.0,2349493-37
Sim,B,Fdr PSOL-REDE,,2349493-37
Não,P,PODE,36896.0,2349493-37
Não,P,PP,37903.0,2349493-37
Não,B,Oposição,,2349493-37
Não,B,Minoria,,2349493-37
Não,P,UNIÃO,38009.0,2349493-37
Sim,B,Fdr PT-PCdoB-PV,,2349493-37
Sim,P,SOLIDARIEDADE,37904.0,2349493-37
Não,P,NOVO,37901.0,2349493-37
Não,B,Bl UniPpFdrPsdbCid...,,2349493-69
Sim,B,Fdr PSOL-REDE,,2349493-69
Não,P,NOVO,37901.0,2349493-69
Não,B,Oposição,,2349493-69
Sim,B,Governo,,2349493-69
Sim,P,PSB,36832.0,2349493-69
Não,P,PL,37906.0,2349493-69
Sim,B,Fdr PT-PCdoB-PV,,2349493-69
Não,B,Minoria,,2349493-69
Sim,B,Maioria,,2349493-69
Liberado,B,Bl MdbPsdRepPode,,2349493-69
Sim,B,Oposição,,2349493-82
Liberado,B,Bl MdbPsdRepPode,,2349493-82
Sim,B,Bl UniPpFdrPsdbCid...,,2349493-82
Liberado,B,Maioria,,2349493-82
Não,B,Fdr PT-PCdoB-PV,,2349493-82
Sim,P,NOVO,37901.0,2349493-82
Não,B,Governo,,2349493-82
Não,P,PSB,36832.0,2349493-82
Sim,P,PL,37906.0,2349493-82
Não,B,Fdr PSOL-REDE,,2349493-82
Sim,B,Minoria,,2349493-82
Sim,B,Oposição,,2349493-103
Sim,B,Bl UniPpFdrPsdbCid...,,2349493-103
Não,P,PSB,36832.0,2349493-103
Sim,P,NOVO,37901.0,2349493-103
Liberado,B,Bl MdbPsdRepPode,,2349493-103
Sim,B,Minoria,,2349493-103
Liberado,B,Maioria,,2349493-103
Não,B,Fdr PSOL-REDE,,2349493-103
Não,B,Governo,,2349493-103
Sim,P,PL,37906.0,2349493-103
Não,B,Fdr PT-PCdoB-PV,,2349493-103
Sim,B,Oposição,,2349493-89
Liberado,B,Maioria,,2349493-89
Sim,P,NOVO,37901.0,2349493-89
Sim,B,Bl UniPpFdrPsdbCid...,,2349493-89
Não,P,PSB,36832.0,2349493-89
Liberado,B,Bl MdbPsdRepPode,,2349493-89
Não,B,Fdr PT-PCdoB-PV,,2349493-89
Não,B,Fdr PSOL-REDE,,2349493-89
Não,B,Governo,,2349493-89
Sim,B,Minoria,,2349493-89
Sim,P,PL,37906.0,2349493-89
Não,B,Governo,,2349493-73
Sim,P,PL,37906.0,2349493-73
Não,P,PSB,36832.0,2349493-73
Sim,P,NOVO,37901.0,2349493-73
Liberado,B,Bl MdbPsdRepPode,,2349493-73
Não,B,Fdr PT-PCdoB-PV,,2349493-73
Sim,B,Oposição,,2349493-73
Sim,B,Bl UniPpFdrPsdbCid...,,2349493-73
Sim,B,Minoria,,2349493-73
Não,B,Fdr PSOL-REDE,,2349493-73
Liberado,B,Maioria,,2349493-73
Sim,B,Minoria,,2349493-86
Liberado,B,Maioria,,2349493-86
Não,B,Fdr PT-PCdoB-PV,,2349493-86
Não,B,Fdr PSOL-REDE,,2349493-86
Liberado,B,Bl MdbPsdRepPode,,2349493-86
Sim,B,Bl UniPpFdrPsdbCid...,,2349493-86
Sim,B,Oposição,,2349493-86
Sim,P,NOVO,37901.0,2349493-86
Sim,P,PL,37906.0,2349493-86
Não,B,Governo,,2349493-86
Não,P,PSB,36832.0,2349493-86
Sim,P,PSB,36832.0,2352500-11
Sim,B,Bl MdbPsdRepPodePsc,,2352500-11
Não,P,PL,37906.0,2352500-11
Sim,B,Fdr PSOL-REDE,,2352500-11
Sim,P,UNIÃO,38009.0,2352500-11
,P,SOLIDARIEDADE,37904.0,2352500-11
Não,P,PATRIOTA,37907.0,2352500-11
Sim,B,Fdr PT-PCdoB-PV,,2352500-11
Não,P,PP,37903.0,2352500-11
Não,B,Oposição,,2352500-11
Sim,B,Governo,,2352500-11
Não,B,Fdr PSDB-CIDADANIA,,2352500-11
Não,P,NOVO,37901.0,2352500-11
Sim,P,PDT,36786.0,2352500-11
Não,B,Minoria,,2352500-11
,B,Maioria,,2352500-11
Sim,P,AVANTE,36898.0,2352500-11
Sim,P,PL,37906.0,2349647-27
Não,B,Fdr PT-PCdoB-PV,,2349647-27
Sim,B,Minoria,,2349647-27
Não,B,Governo,,2349647-27
Não,B,Maioria,,2349647-27
Sim,B,Fdr PSDB-CIDADANIA,,2350702-8
,P,SOLIDARIEDADE,37904.0,2350702-8
Sim,P,UNIÃO,38009.0,2350702-8
Sim,P,PP,37903.0,2350702-8
,B,Bloco Parlamentar,,2350702-8
Sim,B,Fdr PSOL-REDE,,2350702-8
,B,Oposição,,2350702-8
Sim,P,PL,37906.0,2350702-8
Sim,P,PSB,36832.0,2350702-8
Sim,B,Fdr PT-PCdoB-PV,,2350702-8
,B,Maioria,,2350702-8
,P,PATRIOTA,37907.0,2350702-8
,P,NOVO,37901.0,2350702-8
,B,Minoria,,2350702-8
Sim,P,PDT,36786.0,2350702-8
,B,Governo,,2350702-8
Sim,B,Minoria,,2349947-42
Não,B,Governo,,2349947-42
Não,B,Maioria,,2349947-42
Sim,B,Oposição,,2349947-42
Liberado,B,Bl UniPpFdrPsdbCid...,,2349947-42
Não,B,Fdr PT-PCdoB-PV,,2349947-42
Sim,P,NOVO,37901.0,2349947-42
Não,B,Fdr PSOL-REDE,,2349947-42
Não,B,Bl MdbPsdRepPodePsc,,2349947-42
Sim,P,PL,37906.0,2349947-42
Não,B,Fdr PSOL-REDE,,2401881-9
Não,B,Maioria,,2401881-9
Não,B,Governo,,2401881-9
Liberado,B,Bl MdbPsdRepPode,,2401881-9
Não,B,Fdr PT-PCdoB-PV,,2401881-9
Sim,P,NOVO,37901.0,2401881-9
Sim,B,Oposição,,2401881-9
Sim,B,Bl UniPpFdrPsdbCid...,,2401881-9
Sim,B,Minoria,,2401881-9
Sim,P,PL,37906.0,2401881-9
Não,P,PSB,36832.0,2401881-9
,P,SOLIDARIEDADE,37904.0,2354899-8
,P,PATRIOTA,37907.0,2354899-8
Sim,B,Fdr PSDB-CIDADANIA,,2354899-8
Não,P,NOVO,37901.0,2354899-8
Não,B,Governo,,2354899-8
Sim,P,PDT,36786.0,2354899-8
,P,PSB,36832.0,2354899-8
,P,AVANTE,36898.0,2354899-8
Não,B,Fdr PSOL-REDE,,2354899-8
Sim,B,Bl MdbPsdRepPodePsc,,2354899-8
,B,Maioria,,2354899-8
Sim,B,Minoria,,2354899-8
Sim,P,PP,37903.0,2354899-8
Não,B,Fdr PT-PCdoB-PV,,2354899-8
Sim,P,UNIÃO,38009.0,2354899-8
Liberado,B,Oposição,,2354899-8
Sim,P,PL,37906.0,2354899-8
Sim,B,Maioria,,2350568-33
Não,B,Oposição,,2350568-33
Não,P,NOVO,37901.0,2350568-33
Não,P,UNIÃO,38009.0,2350568-33
Não,P,PL,37906.0,2350568-33
Sim,P,PDT,36786.0,2350568-33
Sim,B,Fdr PT-PCdoB-PV,,2350568-33
Sim,P,PSB,36832.0,2350568-33
Não,B,Minoria,,2350568-33
Sim,B,Governo,,2350568-33
Não,P,PSD,36834.0,2350568-33
Sim,P,PODE,36896.0,2350568-33
Não,P,PP,37903.0,2350568-33
Sim,B,Fdr PSOL-REDE,,2350568-33
Não,B,Fdr PT-PCdoB-PV,,2350568-53
Sim,B,Minoria,,2350568-53
Não,P,SOLIDARIEDADE,37904.0,2350568-53
Não,B,Governo,,2350568-53
Não,P,PSB,36832.0,2350568-53
Sim,P,PL,37906.0,2350568-53
Sim,P,UNIÃO,38009.0,2350568-53
Sim,B,Oposição,,2350568-53
Sim,P,REPUBLICANOS,37908.0,2350568-53
Não,B,Maioria,,2350568-53
Não,P,PSD,36834.0,2350568-60
Sim,B,Minoria,,2350568-60
Não,B,Fdr PT-PCdoB-PV,,2350568-60
Sim,B,Oposição,,2350568-60
Sim,P,PL,37906.0,2350568-60
Sim,B,Maioria,,2350568-47
Sim,B,Fdr PSOL-REDE,,2350568-47
Não,P,PL,37906.0,2350568-47
Sim,B,Governo,,2350568-47
Não,P,NOVO,37901.0,2350568-47
Sim,B,Fdr PT-PCdoB-PV,,2350568-47
Sim,P,PSB,36832.0,2350568-47
Não,P,REPUBLICANOS,37908.0,2350568-47
Não,B,Minoria,,2350568-47
Não,P,UNIÃO,38009.0,2350568-47
Sim,B,Fdr PT-PCdoB-PV,,2350586-63
Sim,B,Oposição,,2350586-63
Sim,P,NOVO,37901.0,2350586-63
Sim,B,Bl UniPpFdrPsdbCid...,,2350586-63
Sim,B,Bl MdbPsdRepPode,,2350586-63
Sim,B,Governo,,2350586-63
Não,B,Fdr PSOL-REDE,,2350586-63
Sim,B,Minoria,,2350586-63
Sim,P,PL,37906.0,2350586-63
Sim,B,Maioria,,2350586-63
Não,B,Oposição,,2350568-29
Não,P,REPUBLICANOS,37908.0,2350568-29
Sim,B,Fdr PT-PCdoB-PV,,2350568-29
Sim,B,Fdr PSOL-REDE,,2350568-29
Não,P,PSD,36834.0,2350568-29
Não,P,PODE,36896.0,2350568-29
Sim,B,Governo,,2350568-29
Não,B,Minoria,,2350568-29
Sim,B,Maioria,,2350568-29
Não,P,PL,37906.0,2350568-29
Não,P,UNIÃO,38009.0,2350568-29
Não,P,MDB,36899.0,2350568-29
Não,P,PP,37903.0,2350568-29
Não,P,NOVO,37901.0,2350568-29
Sim,P,SOLIDARIEDADE,37904.0,2350568-29
Sim,P,PDT,36786.0,2350568-29
Não,,Fdr PSDB-CIDADAN,,2350568-29
Sim,P,PSB,36832.0,2350568-29
,B,Maioria,,2350586-73
Não,P,NOVO,37901.0,2350586-73
Não,B,Oposição,,2350586-73
Não,B,Bl MdbPsdRepPode,,2350586-73
Sim,B,Fdr PSOL-REDE,,2350586-73
Não,B,Bl UniPpFdrPsdbCid...,,2350586-73
Sim,B,Fdr PT-PCdoB-PV,,2350586-73
Não,B,Minoria,,2350586-73
Não,P,PL,37906.0,2350586-73
Liberado,B,Governo,,2350586-73
Sim,B,Governo,,2377273-8
Sim,B,Bl UniPpFdrPsdbCid...,,2377273-8
Não,B,Fdr PSOL-REDE,,2377273-8
,B,Maioria,,2377273-8
Sim,P,NOVO,37901.0,2377273-8
Sim,B,Bl MdbPsdRepPode,,2377273-8
Sim,B,Minoria,,2377273-8
Sim,P,PL,37906.0,2377273-8
Sim,B,Fdr PT-PCdoB-PV,,2377273-8
Sim,B,Oposição,,2377273-8
Sim,P,MDB,36899.0,2390384-12
Não,B,Fdr PSOL-REDE,,2390384-12
Não,B,Fdr PT-PCdoB-PV,,2390384-12
Liberado,P,PP,37903.0,2390384-12
Não,P,PL,37906.0,2390384-12
Sim,P,UNIÃO,38009.0,2390384-12
Sim,P,REPUBLICANOS,37908.0,2390384-12
Sim,B,Fdr PSOL-REDE,,2350706-6
,B,Oposição,,2350706-6
,B,Bloco Parlamentar,,2350706-6
,P,SOLIDARIEDADE,37904.0,2350706-6
,P,PSB,36832.0,2350706-6
Sim,P,UNIÃO,38009.0,2350706-6
,B,Maioria,,2350706-6
Sim,B,Fdr PT-PCdoB-PV,,2350706-6
Sim,P,PP,37903.0,2350706-6
Sim,B,Governo,,2350706-6
,B,Fdr PSDB-CIDADANIA,,2350706-6
Sim,P,NOVO,37901.0,2350706-6
Sim,P,PDT,36786.0,2350706-6
,B,Minoria,,2350706-6
Sim,P,NOVO,37901.0,2350921-33
Não,B,Governo,,2350921-33
Não,P,REPUBLICANOS,37908.0,2350921-33
Não,P,PSB,36832.0,2350921-33
Não,B,Maioria,,2350921-33
Não,P,UNIÃO,38009.0,2350921-33
Não,P,UNIÃO,38009.0,2350921-38
Não,B,Fdr PT-PCdoB-PV,,2350921-38
Sim,P,NOVO,37901.0,2350921-38
Não,P,REPUBLICANOS,37908.0,2350921-38
Liberado,B,Fdr PSOL-REDE,,2355627-8
Sim,B,Minoria,,2355627-8
Sim,B,Oposição,,2355627-8
,B,Maioria,,2355627-8
Sim,P,PL,37906.0,2355627-8
Sim,P,NOVO,37901.0,2355627-8
Sim,B,Bl UniPpFdrPsdbCid...,,2355627-8
Não,B,Governo,,2355627-8
Sim,B,Bl MdbPsdRepPodePsc,,2355627-8
Liberado,B,Fdr PT-PCdoB-PV,,2355627-8
Sim,B,Bl UniPpFdrPsdbCid...,,2351179-51
Sim,B,Governo,,2351179-51
Sim,B,Minoria,,2351179-51
Sim,B,Oposição,,2351179-51
Sim,B,Fdr PSOL-REDE,,2351179-51
Sim,B,Bl MdbPsdRepPodePsc,,2351179-51
Não,P,NOVO,37901.0,2351179-51
Liberado,P,PL,37906.0,2351179-51
Sim,B,Maioria,,2351179-51
Sim,B,Fdr PT-PCdoB-PV,,2351179-51
Sim,P,UNIÃO,38009.0,2351332-7
Sim,P,PP,37903.0,2351332-7
Sim,P,NOVO,37901.0,2351332-7
Sim,B,Fdr PSDB-CIDADANIA,,2351332-7
,B,Bloco Parlamentar,,2351332-7
,B,Minoria,,2351332-7
Sim,B,Fdr PSOL-REDE,,2351332-7
Sim,B,Fdr PT-PCdoB-PV,,2351332-7
,B,Oposição,,2351332-7
Sim,P,SOLIDARIEDADE,37904.0,2351332-7
Sim,P,PSB,36832.0,2351332-7
Sim,B,Governo,,2351332-7
Sim,P,PDT,36786.0,2351332-7
,B,Maioria,,2351332-7
Não,P,MDB,36899.0,2351506-34
Não,P,UNIÃO,38009.0,2351506-34
Não,P,NOVO,37901.0,2351506-34
Não,B,Fdr PT-PCdoB-PV,,2351506-34
Não,P,PSD,36834.0,2351506-34
Não,B,Oposição,,2351506-34
Sim,B,Fdr PSOL-REDE,,2351506-34
Não,B,Governo,,2351506-34
Não,P,PSB,36832.0,2351506-34
Não,P,REPUBLICANOS,37908.0,2351506-34
Não,P,PL,37906.0,2351506-34
Não,P,AVANTE,36898.0,2351506-34
Não,B,Minoria,,2351506-34
Sim,,Fdr PSDB-CIDADAN,,2374982-7
Não,B,Governo,,2374982-7
Não,P,PSD,36834.0,2374982-7
Não,B,Fdr PT-PCdoB-PV,,2374982-7
Não,B,Fdr PSOL-REDE,,2374982-7
Não,B,Maioria,,2374982-7
Sim,P,UNIÃO,38009.0,2374982-7
Não,P,PSB,36832.0,2374982-7
Sim,P,PP,37903.0,2374982-7
Sim,P,PL,37906.0,2374982-7
Não,P,MDB,36899.0,2374982-7
Não,B,Oposição,,2374982-4
Sim,B,Fdr PT-PCdoB-PV,,2374982-4
Não,,Fdr PSDB-CIDADAN,,2374982-4
Não,P,PP,37903.0,2374982-4
Sim,P,PSD,36834.0,2374982-4
Sim,B,Maioria,,2374982-4
Sim,P,MDB,36899.0,2374982-4
Não,P,PL,37906.0,2374982-4
Sim,B,Fdr PSOL-REDE,,2374982-4
Não,P,UNIÃO,38009.0,2374982-4
Não,B,Minoria,,2374982-4
Sim,B,Governo,,2374982-4
Não,B,Governo,,2366682-5
Não,B,Fdr PSOL-REDE,,2366682-5
Não,P,PSB,36832.0,2366682-5
Sim,P,PP,37903.0,2366682-5
Não,P,MDB,36899.0,2366682-5
Sim,,Fdr PSDB-CIDADAN,,2366682-5
Sim,B,Minoria,,2366682-5
Não,B,Maioria,,2366682-5
Sim,B,Oposição,,2366682-5
Sim,P,UNIÃO,38009.0,2366682-5
Não,B,Fdr PT-PCdoB-PV,,2366682-5
Não,P,PSD,36834.0,2366682-5
Sim,P,PL,37906.0,2366682-5
Não,P,PP,37903.0,2366681-2
Não,B,Minoria,,2366681-2
Sim,P,PSD,36834.0,2366681-2
Não,B,Oposição,,2366681-2
Sim,P,MDB,36899.0,2366681-2
Não,P,PL,37906.0,2366681-2
Sim,P,PSB,36832.0,2366681-2
Sim,B,Fdr PSOL-REDE,,2366681-2
Sim,B,Governo,,2366681-2
Sim,P,PDT,36786.0,2366681-2
Sim,B,Maioria,,2366681-2
Não,P,UNIÃO,38009.0,2366681-2
Sim,B,Fdr PT-PCdoB-PV,,2366681-2
Não,B,Maioria,,2366681-3
Sim,P,PL,37906.0,2366681-3
Não,P,PSB,36832.0,2366681-3
Não,B,Fdr PSOL-REDE,,2366681-3
Sim,,Fdr PSDB-CIDADAN,,2366681-3
Não,P,MDB,36899.0,2366681-3
Sim,B,Minoria,,2366681-3
Não,B,Governo,,2366681-3
Sim,B,Oposição,,2366681-3
Não,P,PP,37903.0,2366681-3
Não,B,Fdr PT-PCdoB-PV,,2366681-3
Sim,P,UNIÃO,38009.0,2366681-3
Não,P,PSD,36834.0,2366681-3
Sim,B,Governo,,2366682-2
Sim,B,Fdr PSOL-REDE,,2366682-2
Não,P,PL,37906.0,2366682-2
Sim,P,MDB,36899.0,2366682-2
Não,P,PP,37903.0,2366682-2
Não,P,UNIÃO,38009.0,2366682-2
Sim,B,Fdr PT-PCdoB-PV,,2366682-2
Sim,B,Maioria,,2366682-2
Sim,P,PSD,36834.0,2366682-2
Não,B,Oposição,,2366682-2
Não,B,Minoria,,2366682-2
Não,,Fdr PSDB-CIDADAN,,2366682-2
Sim,P,PSB,36832.0,2366682-2
Não,P,PSB,36832.0,2363417-7
Sim,P,REPUBLICANOS,37908.0,2363417-7
Não,B,Fdr PT-PCdoB-PV,,2363417-7
Sim,B,Minoria,,2363417-7
Sim,P,UNIÃO,38009.0,2363417-7
Não,B,Maioria,,2363417-7
Sim,P,PP,37903.0,2363417-7
Sim,,Fdr PSDB-CIDADAN,,2363417-7
Não,B,Fdr PSOL-REDE,,2363417-7
Não,B,Governo,,2363417-7
Sim,P,PATRIOTA,37907.0,2363417-7
Sim,P,PL,37906.0,2363417-7
Não,,Fdr PSDB-CIDADAN,,2363417-4
Sim,B,Governo,,2363417-4
Sim,B,Maioria,,2363417-4
Não,P,REPUBLICANOS,37908.0,2363417-4
Sim,P,PSB,36832.0,2363417-4
Sim,B,Fdr PSOL-REDE,,2363417-4
Sim,B,Fdr PT-PCdoB-PV,,2363417-4
Não,P,UNIÃO,38009.0,2363417-4
Não,P,PP,37903.0,2363417-4
Não,B,Minoria,,2363417-4
Não,P,PATRIOTA,37907.0,2363417-4
Não,B,Oposição,,2363417-4
Não,P,PL,37906.0,2363417-4
Não,B,Governo,,2363415-6
Sim,P,PP,37903.0,2363415-6
Não,B,Fdr PT-PCdoB-PV,,2363415-6
Sim,P,PL,37906.0,2363415-6
Não,B,Maioria,,2363415-6
Não,B,Fdr PSOL-REDE,,2363415-6
Não,P,PSB,36832.0,2363415-6
Sim,P,REPUBLICANOS,37908.0,2363415-6
Sim,P,PATRIOTA,37907.0,2363415-6
Sim,B,Minoria,,2363415-6
Sim,,Fdr PSDB-CIDADAN,,2363415-6
Sim,B,Oposição,,2363415-6
Sim,P,UNIÃO,38009.0,2363415-6
Não,P,NOVO,37901.0,2351858-41
Não,P,PL,37906.0,2351858-41
Sim,B,Fdr PSOL-REDE,,2351858-41
Não,B,Oposição,,2351858-41
Não,P,UNIÃO,38009.0,2351858-41
Sim,B,Fdr PT-PCdoB-PV,,2351858-41
Sim,B,Governo,,2351858-41
Não,P,REPUBLICANOS,37908.0,2351965-34
Não,P,PSD,36834.0,2351965-34
Sim,P,NOVO,37901.0,2351965-34
Não,P,UNIÃO,38009.0,2351965-34
Liberado,P,PL,37906.0,2351990-37
Sim,B,Maioria,,2351990-37
Sim,B,Governo,,2351990-37
Sim,B,Fdr PSOL-REDE,,2351990-37
,B,Oposição,,2351990-37
Sim,P,NOVO,37901.0,2351990-37
Sim,B,Fdr PT-PCdoB-PV,,2351990-37
Sim,B,Bl UniPpFdrPsdbCid...,,2351990-37
,B,Minoria,,2351990-37
Sim,B,Bl MdbPsdRepPodePsc,,2351990-37
Sim,B,Fdr PT-PCdoB-PV,,2352341-58
Não,P,PODE,36896.0,2352341-58
Não,P,NOVO,37901.0,2352341-58
Não,P,UNIÃO,38009.0,2352341-58
Sim,B,Maioria,,2352341-58
Não,P,PP,37903.0,2352341-58
Não,B,Minoria,,2352341-58
Sim,P,PSD,36834.0,2352341-58
Não,,Fdr PSDB-CIDADAN,,2352341-58
Não,P,REPUBLICANOS,37908.0,2352341-58
Não,B,Oposição,,2352341-58
Não,P,MDB,36899.0,2352341-58
Não,P,PL,37906.0,2352341-58
Sim,B,Governo,,2352341-58
Sim,P,PSB,36832.0,2352341-58
Sim,B,Maioria,,2354502-8
Sim,B,Minoria,,2354502-8
Sim,P,PL,37906.0,2354502-8
Não,P,NOVO,37901.0,2354502-8
Sim,B,Bl MdbPsdRepPodePsc,,2354502-8
Sim,B,Fdr PT-PCdoB-PV,,2354502-8
Liberado,B,Bl UniPpFdrPsdbCid...,,2354502-8
Sim,B,Governo,,2354502-8
Sim,B,Oposição,,2354502-8
Não,B,Fdr PSOL-REDE,,2354502-8
Sim,P,PP,37903.0,2352341-61
Sim,P,PL,37906.0,2352341-61
Sim,P,PSD,36834.0,2352341-61
Sim,B,Oposição,,2352341-61
Não,B,Fdr PT-PCdoB-PV,,2352341-61
Não,B,Maioria,,2352341-61
Sim,,Fdr PSDB-CIDADAN,,2352341-61
Não,B,Fdr PSOL-REDE,,2352341-61
Sim,P,PODE,36896.0,2352341-61
Sim,B,Minoria,,2352341-61
Sim,P,REPUBLICANOS,37908.0,2352341-61
Sim,P,UNIÃO,38009.0,2352341-61
Não,B,Governo,,2352341-61
Sim,P,MDB,36899.0,2352341-61
Não,P,PSB,36832.0,2352341-61
Sim,B,Fdr PSOL-REDE,,2352341-33
Sim,B,Maioria,,2352341-33
Não,P,PL,37906.0,2352341-33
Não,P,MDB,36899.0,2352341-33
Sim,P,AVANTE,36898.0,2352341-33
Sim,B,Governo,,2352341-33
Não,P,PP,37903.0,2352341-33
Sim,B,Fdr PT-PCdoB-PV,,2352341-33
Não,B,Oposição,,2352341-33
Não,P,UNIÃO,38009.0,2352341-33
Não,P,NOVO,37901.0,2352341-44
Sim,P,PSD,36834.0,2352341-44
Não,P,UNIÃO,38009.0,2352341-44
Não,P,PL,37906.0,2352341-44
Sim,P,PATRIOTA,37907.0,2352341-44
Sim,B,Fdr PT-PCdoB-PV,,2352341-44
Não,P,PODE,36896.0,2352341-44
Não,P,MDB,36899.0,2352341-44
Não,B,Minoria,,2352341-44
Sim,P,PSB,36832.0,2352341-44
Sim,B,Governo,,2352341-44
Sim,B,Fdr PSOL-REDE,,2352341-44
Sim,B,Fdr PT-PCdoB-PV,,2352476-168
Não,B,Fdr PSOL-REDE,,2352476-168
Sim,P,PSB,36832.0,2352476-168
Sim,P,PL,37906.0,2352476-168
,B,Oposição,,2352476-168
Não,P,NOVO,37901.0,2352476-168
,B,Governo,,2352476-168
Sim,B,Bl UniPpFdrPsdbCid...,,2352476-168
Sim,B,Bl MdbPsdRepPode,,2352476-168
Não,B,Minoria,,2352476-168
,B,Maioria,,2352476-168
,B,Governo,,2352476-146
,B,Oposição,,2352476-146
Não,P,PL,37906.0,2352476-146
Não,B,Maioria,,2352476-146
,B,Minoria,,2352476-146
Sim,P,NOVO,37901.0,2352476-146
Não,B,Bl MdbPsdRepPode,,2352476-146
Não,B,Fdr PT-PCdoB-PV,,2352476-146
Não,B,Bl UniPpFdrPsdbCid...,,2352476-146
Não,P,PSB,36832.0,2352476-146
Sim,B,Fdr PSOL-REDE,,2352476-146
,B,Bl UniPpFdrPsdbCid...,,2448947-5
Sim,P,PL,37906.0,2448947-5
Não,B,Fdr PSOL-REDE,,2448947-5
,B,Oposição,,2448947-5
Não,P,NOVO,37901.0,2448947-5
,B,Governo,,2448947-5
Sim,B,Bl MdbPsdRepPode,,2448947-5
,B,Maioria,,2448947-5
Sim,P,PSB,36832.0,2448947-5
Sim,B,Fdr PT-PCdoB-PV,,2448947-5
,B,Minoria,,2448947-5
Sim,B,Bl UniPpFdrPsdbCid...,,2352476-149
Não,B,Minoria,,2352476-149
Sim,P,PSB,36832.0,2352476-149
Sim,B,Bl MdbPsdRepPode,,2352476-149
,B,Governo,,2352476-149
Sim,B,Fdr PT-PCdoB-PV,,2352476-149
Não,B,Fdr PSOL-REDE,,2352476-149
Sim,B,Maioria,,2352476-149
Não,P,NOVO,37901.0,2352476-149
Não,B,Oposição,,2352476-149
Sim,P,PL,37906.0,2352476-149
,B,Maioria,,2352476-171
Sim,B,Fdr PT-PCdoB-PV,,2352476-171
Sim,B,Oposição,,2352476-171
,B,Governo,,2352476-171
Sim,B,Bl MdbPsdRepPode,,2352476-171
Sim,B,Minoria,,2352476-171
Sim,P,PL,37906.0,2352476-171
Sim,P,NOVO,37901.0,2352476-171
Não,B,Fdr PSOL-REDE,,2352476-171
Sim,P,PSB,36832.0,2352476-171
Sim,B,Bl UniPpFdrPsdbCid...,,2352476-171
Não,P,PSB,36832.0,2352476-141
Sim,P,NOVO,37901.0,2352476-141
,B,Governo,,2352476-141
Não,B,Bl MdbPsdRepPode,,2352476-141
Não,B,Fdr PT-PCdoB-PV,,2352476-141
Não,B,Bl UniPpFdrPsdbCid...,,2352476-141
Sim,B,Fdr PSOL-REDE,,2352476-141
Liberado,B,Minoria,,2352476-141
Sim,B,Oposição,,2352476-141
Não,B,Maioria,,2352476-141
Não,P,PL,37906.0,2352476-141
Sim,P,PL,37906.0,2352476-155
Sim,B,Bl UniPpFdrPsdbCid...,,2352476-155
Não,B,Fdr PSOL-REDE,,2352476-155
,B,Governo,,2352476-155
Sim,P,PSB,36832.0,2352476-155
Sim,B,Oposição,,2352476-155
Sim,B,Minoria,,2352476-155
Sim,B,Bl MdbPsdRepPode,,2352476-155
,B,Maioria,,2352476-155
Sim,P,NOVO,37901.0,2352476-155
Sim,B,Fdr PT-PCdoB-PV,,2352476-155
,B,Minoria,,2352476-136
Não,B,Maioria,,2352476-136
Não,P,PSB,36832.0,2352476-136
Não,B,Bl MdbPsdRepPode,,2352476-136
Liberado,B,Oposição,,2352476-136
Não,P,PL,37906.0,2352476-136
Não,B,Fdr PT-PCdoB-PV,,2352476-136
Sim,P,NOVO,37901.0,2352476-136
Sim,B,Fdr PSOL-REDE,,2352476-136
,B,Governo,,2352476-136
Não,B,Bl UniPpFdrPsdbCid...,,2352476-136
Sim,P,PSB,36832.0,2352476-62
Sim,P,PL,37906.0,2352476-62
Sim,B,Governo,,2352476-62
Sim,P,PP,37903.0,2352476-62
Não,P,NOVO,37901.0,2352476-62
Sim,P,PODE,36896.0,2352476-62
Sim,P,MDB,36899.0,2352476-62
Sim,P,REPUBLICANOS,37908.0,2352476-62
Sim,P,AVANTE,36898.0,2352476-62
Sim,B,Fdr PT-PCdoB-PV,,2352476-62
Não,B,Fdr PSOL-REDE,,2352476-62
Sim,P,PSD,36834.0,2352476-62
Sim,P,NOVO,37901.0,2352476-40
Não,P,PL,37906.0,2352476-40
Liberado,B,Governo,,2352476-40
Não,P,PP,37903.0,2352476-40
Liberado,P,PSB,36832.0,2352476-40
Liberado,B,Minoria,,2352476-40
Não,P,PSD,36834.0,2352476-40
Sim,B,Fdr PSOL-REDE,,2352476-40
Não,P,PODE,36896.0,2352476-40
Não,P,UNIÃO,38009.0,2352476-40
Não,B,Fdr PT-PCdoB-PV,,2352476-40
Não,P,MDB,36899.0,2352476-40
Sim,P,PDT,36786.0,2352476-40
Não,,Fdr PSDB-CIDADAN,,2352476-40
,B,Oposição,,2352476-165
Não,B,Bl MdbPsdRepPode,,2352476-165
Não,B,Fdr PT-PCdoB-PV,,2352476-165
,B,Maioria,,2352476-165
Sim,B,Fdr PSOL-REDE,,2352476-165
Não,P,PSB,36832.0,2352476-165
Sim,P,NOVO,37901.0,2352476-165
Não,P,PL,37906.0,2352476-165
Sim,B,Minoria,,2352476-165
,B,Governo,,2352476-165
Não,B,Bl UniPpFdrPsdbCid...,,2352476-165
Não,B,Fdr PT-PCdoB-PV,,2353243-47
Não,P,UNIÃO,38009.0,2353986-4
Não,B,Minoria,,2353986-4
Liberado,P,MDB,36899.0,2353986-4
Não,B,Fdr PT-PCdoB-PV,,2353986-4
Não,P,PP,37903.0,2353986-4
Não,P,PL,37906.0,2353986-4
Não,P,NOVO,37901.0,2353986-4
Liberado,B,Bl MdbPsdRepPodePsc,,2355135-49
Liberado,B,Maioria,,2355135-49
Não,B,Fdr PT-PCdoB-PV,,2355135-49
Sim,B,Minoria,,2355135-49
Sim,B,Oposição,,2355135-49
Sim,B,Bl UniPpFdrPsdbCid...,,2355135-49
Não,B,Fdr PSOL-REDE,,2355135-49
Não,B,Governo,,2355135-49
Sim,P,PL,37906.0,2355135-49
Sim,P,NOVO,37901.0,2355135-49
Sim,B,Governo,,2355135-39
Sim,B,Fdr PT-PCdoB-PV,,2355135-39
Sim,B,Fdr PSOL-REDE,,2355135-39
,B,Maioria,,2355135-39
Não,B,Bl UniPpFdrPsdbCid...,,2355135-39
Não,B,Oposição,,2355135-39
Não,P,NOVO,37901.0,2355135-39
Não,P,PL,37906.0,2355135-39
Liberado,B,Bl MdbPsdRepPodePsc,,2355135-39
Não,B,Minoria,,2355135-39
Liberado,B,Maioria,,2357871-9
Não,B,Governo,,2357871-9
Sim,B,Oposição,,2357871-9
Sim,P,NOVO,37901.0,2357871-9
Sim,B,Bl MdbPsdRepPodePsc,,2357871-9
Sim,P,PL,37906.0,2357871-9
Sim,B,Minoria,,2357871-9
Sim,B,Bl UniPpFdrPsdbCid...,,2357871-9
Não,B,Fdr PT-PCdoB-PV,,2357871-9
Não,B,Fdr PSOL-REDE,,2357871-9
Não,P,PP,37903.0,2355363-12
Não,P,UNIÃO,38009.0,2355363-12
Não,B,Fdr PT-PCdoB-PV,,2355363-12
Sim,P,PL,37906.0,2355363-12
Não,B,Governo,,2355363-12
Não,P,PDT,36786.0,2355363-12
Não,P,MDB,36899.0,2355363-12
Não,P,PL,37906.0,2355510-35
Não,B,Fdr PT-PCdoB-PV,,2355510-35
Não,B,Bl MdbPsdRepPode,,2355510-35
Liberado,B,Oposição,,2355510-35
Não,B,Fdr PSOL-REDE,,2355510-35
Não,B,Maioria,,2355510-35
Sim,P,NOVO,37901.0,2355510-35
,B,Governo,,2355510-35
Não,B,Bl UniPpFdrPsdbCid...,,2355510-35
Liberado,B,Minoria,,2355510-35
Sim,B,Bl UniPpFdrPsdbCid...,,2355510-53
Sim,B,Minoria,,2355510-53
Liberado,B,Oposição,,2355510-53
,B,Governo,,2355510-53
Sim,B,Fdr PT-PCdoB-PV,,2355510-53
Sim,B,Fdr PSOL-REDE,,2355510-53
Sim,B,Bl MdbPsdRepPode,,2355510-53
Sim,P,PL,37906.0,2355510-53
Sim,B,Maioria,,2355510-53
Não,P,NOVO,37901.0,2355510-53
Liberado,B,Oposição,,2355765-31
Não,P,PODE,36896.0,2355765-31
Liberado,B,Minoria,,2355765-31
Não,B,Governo,,2355765-31
Sim,P,NOVO,37901.0,2355765-31
Não,B,Maioria,,2355765-31
Não,P,PSD,36834.0,2355765-31
Liberado,P,PL,37906.0,2355765-31
Não,B,Fdr PT-PCdoB-PV,,2355765-31
Não,,Fdr PSDB-CIDADAN,,2355765-31
Não,P,AVANTE,36898.0,2355765-31
Não,P,SOLIDARIEDADE,37904.0,2355765-31
Sim,P,PL,37906.0,2380451-7
Sim,B,Maioria,,2380451-7
Sim,B,Fdr PT-PCdoB-PV,,2380451-7
Sim,B,Governo,,2380451-7
Não,P,NOVO,37901.0,2380451-7
Sim,B,Bl UniPpFdrPsdbCid...,,2380451-7
Sim,B,Fdr PSOL-REDE,,2380451-7
Sim,B,Oposição,,2380451-7
Sim,B,Bl MdbPsdRepPode,,2380451-7
Sim,B,Minoria,,2380451-7
Não,P,PL,37906.0,2377566-12
Não,P,NOVO,37901.0,2377566-12
Sim,B,Maioria,,2377566-12
Sim,B,Bl MdbPsdRepPode,,2377566-12
Sim,B,Governo,,2377566-12
Sim,B,Bl UniPpFdrPsdbCid...,,2377566-12
Sim,B,Fdr PT-PCdoB-PV,,2377566-12
Sim,B,Fdr PSOL-REDE,,2377566-12
Não,B,Oposição,,2377566-12
Não,B,Minoria,,2377566-12
Não,B,Fdr PT-PCdoB-PV,,2356599-40
Não,B,Governo,,2356599-40
Sim,P,PL,37906.0,2356599-40
Não,B,Maioria,,2356599-40
Sim,B,Oposição,,2356599-40
Não,P,PDT,36786.0,2356599-40
Sim,B,Minoria,,2356599-40
Não,B,Minoria,,2357053-110
Não,P,NOVO,37901.0,2357053-110
Sim,B,Fdr PSOL-REDE,,2357053-110
Não,B,Bl UniPpFdrPsdbCid...,,2357053-110
Não,P,PL,37906.0,2357053-110
Não,B,Maioria,,2357053-110
Não,B,Fdr PT-PCdoB-PV,,2357053-110
Não,B,Bl MdbPsdRepPode,,2357053-110
Não,B,Governo,,2357053-110
Não,B,Oposição,,2357053-110
Sim,B,Bl UniPpFdrPsdbCid...,,2357053-105
Sim,B,Governo,,2357053-105
Não,P,PL,37906.0,2357053-105
Sim,B,Fdr PT-PCdoB-PV,,2357053-105
Não,B,Minoria,,2357053-105
Não,P,NOVO,37901.0,2357053-105
Sim,B,Fdr PSOL-REDE,,2357053-105
Sim,B,Bl MdbPsdRepPode,,2357053-105
Sim,B,Maioria,,2357053-105
Não,B,Oposição,,2357053-105
Não,B,Oposição,,2357053-119
Liberado,B,Fdr PT-PCdoB-PV,,2357053-119
Não,B,Bl MdbPsdRepPode,,2357053-119
Liberado,B,Bl UniPpFdrPsdbCid...,,2357053-119
Liberado,B,Maioria,,2357053-119
Sim,B,Fdr PSOL-REDE,,2357053-119
Não,P,NOVO,37901.0,2357053-119
Não,P,PL,37906.0,2357053-119
Liberado,B,Governo,,2357053-119
Não,B,Minoria,,2357053-119
Sim,B,Fdr PT-PCdoB-PV,,2357053-108
Sim,B,Bl UniPpFdrPsdbCid...,,2357053-108
Sim,B,Maioria,,2357053-108
Liberado,P,PL,37906.0,2357053-108
Sim,B,Fdr PSOL-REDE,,2357053-108
Sim,B,Governo,,2357053-108
Não,B,Minoria,,2357053-108
Não,P,NOVO,37901.0,2357053-108
Sim,B,Bl MdbPsdRepPode,,2357053-108
,B,Oposição,,2357053-108
Não,B,Bl UniPpFdrPsdbCid...,,2357053-122
Sim,B,Bl MdbPsdRepPode,,2357053-122
Não,B,Minoria,,2357053-122
Não,P,NOVO,37901.0,2357053-122
Não,B,Fdr PT-PCdoB-PV,,2357053-122
Não,B,Oposição,,2357053-122
Não,B,Fdr PSOL-REDE,,2357053-122
Liberado,B,Governo,,2357053-122
Liberado,B,Maioria,,2357053-122
Sim,P,PL,37906.0,2357053-122
,B,Minoria,,2357053-53
Sim,P,NOVO,37901.0,2357053-53
Não,B,Fdr PSOL-REDE,,2357053-53
Sim,B,Maioria,,2357053-53
Sim,B,Governo,,2357053-53
Sim,B,Oposição,,2357053-53
Sim,P,PL,37906.0,2357053-53
Sim,B,Bl UniPpFdrPsdbCid...,,2357053-53
Sim,B,Bl MdbPsdRepPodePsc,,2357053-53
Sim,B,Fdr PT-PCdoB-PV,,2357053-53
Sim,B,Fdr PT-PCdoB-PV,,2357053-65
Não,P,PL,37906.0,2357053-65
Liberado,B,Maioria,,2357053-65
Liberado,B,Bl UniPpFdrPsdbCid...,,2357053-65
Não,B,Oposição,,2357053-65
Não,B,Minoria,,2357053-65
Não,P,NOVO,37901.0,2357053-65
Sim,B,Fdr PSOL-REDE,,2357053-65
Sim,B,Bl MdbPsdRepPodePsc,,2357053-65
Sim,B,Governo,,2357053-65
Sim,B,Maioria,,2357053-47
Liberado,P,PL,37906.0,2357053-47
Sim,B,Bl UniPpFdrPsdbCid...,,2357053-47
Não,P,NOVO,37901.0,2357053-47
Não,B,Minoria,,2357053-47
Sim,B,Bl MdbPsdRepPodePsc,,2357053-47
Não,B,Fdr PSOL-REDE,,2357053-47
Sim,B,Governo,,2357053-47
Sim,B,Fdr PT-PCdoB-PV,,2357053-47
Não,B,Oposição,,2357053-47
Não,B,Bl MdbPsdRepPodePsc,,2357053-30
Liberado,B,Fdr PSOL-REDE,,2357053-30
Não,B,Fdr PT-PCdoB-PV,,2357053-30
Não,B,Governo,,2357053-30
Sim,P,PL,37906.0,2357053-30
Sim,B,Oposição,,2357053-30
Não,B,Bl UniPpFdrPsdbCid...,,2357053-30
Sim,B,Minoria,,2357053-30
Não,B,Maioria,,2357053-30
Sim,P,NOVO,37901.0,2357053-30
Não,B,Minoria,,2357053-59
Sim,B,Governo,,2357053-59
Sim,B,Bl UniPpFdrPsdbCid...,,2357053-59
Não,B,Oposição,,2357053-59
Não,P,PL,37906.0,2357053-59
Sim,B,Fdr PSOL-REDE,,2357053-59
Sim,B,Fdr PT-PCdoB-PV,,2357053-59
Sim,B,Bl MdbPsdRepPodePsc,,2357053-59
Sim,B,Maioria,,2357053-59
Não,P,NOVO,37901.0,2357053-59
Não,B,Fdr PT-PCdoB-PV,,2357053-70
Não,B,Governo,,2357053-70
Sim,P,NOVO,37901.0,2357053-70
Não,B,Fdr PSOL-REDE,,2357053-70
Não,B,Maioria,,2357053-70
Sim,B,Minoria,,2357053-70
Sim,B,Oposição,,2357053-70
Não,B,Bl MdbPsdRepPodePsc,,2357053-70
Sim,P,PL,37906.0,2357053-70
Não,B,Bl UniPpFdrPsdbCid...,,2357053-70
Sim,B,Bl UniPpFdrPsdbCid...,,2357053-62
Não,B,Fdr PSOL-REDE,,2357053-62
Sim,B,Fdr PT-PCdoB-PV,,2357053-62
Liberado,B,Minoria,,2357053-62
Sim,B,Maioria,,2357053-62
Sim,B,Governo,,2357053-62
Não,P,PL,37906.0,2357053-62
Sim,P,NOVO,37901.0,2357053-62
Liberado,B,Oposição,,2357053-62
Liberado,B,Bl MdbPsdRepPodePsc,,2357053-62
Não,P,PL,37906.0,2362292-8
Sim,B,Fdr PT-PCdoB-PV,,2362292-8
Não,P,NOVO,37901.0,2362292-8
Sim,B,Bl MdbPsdRepPodePsc,,2362292-8
Não,B,Fdr PSOL-REDE,,2362292-8
Sim,B,Bl UniPpFdrPsdbCid...,,2362292-8
Não,B,Minoria,,2362292-8
Não,B,Oposição,,2362292-8
Sim,B,Maioria,,2362292-8
Sim,B,Governo,,2362292-8
Sim,B,Governo,,2357055-29
Não,P,NOVO,37901.0,2357055-29
Sim,B,Fdr PSOL-REDE,,2357055-29
Liberado,B,Oposição,,2357055-29
Sim,B,Maioria,,2357055-29
Não,B,Minoria,,2357055-29
Sim,B,Bl MdbPsdRepPodePsc,,2357055-29
Sim,B,Fdr PT-PCdoB-PV,,2357055-29
Liberado,B,Bl UniPpFdrPsdbCid...,,2357055-29
Sim,P,PL,37906.0,2357055-29
Não,B,Bl UniPpFdrPsdbCid...,,2357053-50
Não,B,Fdr PSOL-REDE,,2357053-50
Sim,P,PL,37906.0,2357053-50
Não,B,Governo,,2357053-50
Sim,B,Minoria,,2357053-50
Sim,B,Oposição,,2357053-50
Não,B,Bl MdbPsdRepPodePsc,,2357053-50
Não,B,Maioria,,2357053-50
Não,B,Fdr PT-PCdoB-PV,,2357053-50
Sim,P,NOVO,37901.0,2357053-50
,B,Governo,,2358527-8
Sim,B,Fdr PSOL-REDE,,2358527-8
Sim,B,Minoria,,2358527-8
,B,Oposição,,2358527-8
Liberado,B,Bl UniPpFdrPsdbCid...,,2358527-8
Sim,B,Bl MdbPsdRepPodePsc,,2358527-8
Sim,B,Fdr PT-PCdoB-PV,,2358527-8
Não,P,NOVO,37901.0,2358527-8
Sim,P,PL,37906.0,2358527-8
,B,Maioria,,2358527-8
Sim,B,Maioria,,2357053-38
Sim,B,Governo,,2357053-38
Não,P,PL,37906.0,2357053-38
Não,B,Oposição,,2357053-38
Sim,B,Fdr PT-PCdoB-PV,,2357053-38
Sim,B,Bl MdbPsdRepPodePsc,,2357053-38
Sim,B,Bl UniPpFdrPsdbCid...,,2357053-38
Não,B,Minoria,,2357053-38
Não,P,NOVO,37901.0,2357053-38
Liberado,B,Fdr PSOL-REDE,,2357053-38
Não,B,Fdr PSOL-REDE,,2357625-5
Não,P,PL,37906.0,2357625-5
Não,P,MDB,36899.0,2357625-5
Não,B,Fdr PT-PCdoB-PV,,2357625-5
Não,P,PP,37903.0,2357625-5
Não,P,PSD,36834.0,2357625-5
Não,P,PDT,36786.0,2357625-5
Não,B,Governo,,2357625-5
Liberado,B,Oposição,,2357639-9
,B,Governo,,2357639-9
Sim,B,Fdr PSOL-REDE,,2357639-9
Liberado,B,Bl UniPpFdrPsdbCid...,,2357639-9
Sim,P,PL,37906.0,2357639-9
Sim,B,Bl MdbPsdRepPodePsc,,2357639-9
,B,Maioria,,2357639-9
Não,P,NOVO,37901.0,2357639-9
Sim,B,Fdr PT-PCdoB-PV,,2357639-9
Sim,B,Minoria,,2357639-9
Sim,B,Maioria,,2406964-10
Sim,P,PL,37906.0,2406964-10
Sim,B,Bl MdbPsdRepPode,,2406964-10
,B,Governo,,2406964-10
Sim,B,Oposição,,2406964-10
Sim,P,NOVO,37901.0,2406964-10
Sim,B,Minoria,,2406964-10
Sim,B,Fdr PSOL-REDE,,2406964-10
Sim,B,Bl UniPpFdrPsdbCid...,,2406964-10
Sim,B,Fdr PT-PCdoB-PV,,2406964-10
Sim,B,Fdr PT-PCdoB-PV,,2358915-67
Sim,B,Fdr PSOL-REDE,,2358915-67
Obstrução,B,Oposição,,2358915-67
Sim,B,Bl MdbPsdRepPode,,2358915-67
Sim,B,Maioria,,2358915-67
Sim,B,Governo,,2358915-67
Obstrução,P,PL,37906.0,2358915-67
Obstrução,B,Minoria,,2358915-67
Obstrução,P,NOVO,37901.0,2358915-67
Sim,B,Bl UniPpFdrPsdbCid...,,2358915-67
Obstrução,B,Minoria,,2358915-39
Obstrução,P,NOVO,37901.0,2358915-39
Não,B,Fdr PT-PCdoB-PV,,2358915-39
Liberado,B,Bl MdbPsdRepPode,,2358915-39
Não,B,Governo,,2358915-39
Não,B,Fdr PSOL-REDE,,2358915-39
Obstrução,P,PL,37906.0,2358915-39
Obstrução,B,Oposição,,2358915-39
Não,B,Bl UniPpFdrPsdbCid...,,2358915-39
Não,B,Maioria,,2358915-39
Obstrução,P,NOVO,37901.0,2358915-53
Obstrução,B,Minoria,,2358915-53
Não,B,Fdr PT-PCdoB-PV,,2358915-53
Não,B,Bl MdbPsdRepPode,,2358915-53
Não,B,Governo,,2358915-53
Não,B,Fdr PSOL-REDE,,2358915-53
Não,B,Maioria,,2358915-53
Não,B,Bl UniPpFdrPsdbCid...,,2358915-53
Obstrução,B,Oposição,,2358915-53
Obstrução,P,PL,37906.0,2358915-53
Sim,B,Fdr PSOL-REDE,,2375543-9
Sim,B,Governo,,2375543-9
Não,B,Minoria,,2375543-9
Sim,B,Bl MdbPsdRepPodePsc,,2375543-9
Não,P,PL,37906.0,2375543-9
Sim,B,Fdr PT-PCdoB-PV,,2375543-9
Não,B,Oposição,,2375543-9
Sim,B,Maioria,,2375543-9
Não,P,NOVO,37901.0,2375543-9
Sim,B,Bl UniPpFdrPsdbCid...,,2375543-9
Liberado,B,Bl UniPpFdrPsdbCid...,,2358922-21
Sim,B,Maioria,,2358922-21
Sim,B,Fdr PT-PCdoB-PV,,2358922-21
Sim,B,Bl MdbPsdRepPodePsc,,2358922-21
Sim,P,NOVO,37901.0,2358922-21
Sim,B,Oposição,,2358922-21
Sim,B,Minoria,,2358922-21
Sim,B,Governo,,2358922-21
Não,B,Fdr PSOL-REDE,,2358922-21
Sim,P,PL,37906.0,2358922-21
Sim,B,Bl MdbPsdRepPode,,2359135-39
Sim,B,Minoria,,2359135-39
Sim,P,NOVO,37901.0,2359135-39
Sim,B,Oposição,,2359135-39
Sim,B,Fdr PT-PCdoB-PV,,2359135-39
Sim,P,PL,37906.0,2359135-39
Sim,B,Maioria,,2359135-39
Sim,B,Governo,,2359135-39
Sim,B,Fdr PSOL-REDE,,2359135-39
Sim,B,Bl UniPpFdrPsdbCid...,,2359135-39
Não,B,Fdr PT-PCdoB-PV,,2359135-28
Não,B,Maioria,,2359135-28
Não,P,NOVO,37901.0,2359135-28
Sim,B,Minoria,,2359135-28
Não,B,Fdr PSOL-REDE,,2359135-28
Sim,B,Oposição,,2359135-28
Não,B,Bl MdbPsdRepPode,,2359135-28
Não,B,Bl UniPpFdrPsdbCid...,,2359135-28
Não,B,Governo,,2359135-28
Sim,P,PL,37906.0,2359135-28
Sim,P,NOVO,37901.0,2382599-8
Sim,B,Fdr PSOL-REDE,,2382599-8
Sim,B,Fdr PT-PCdoB-PV,,2382599-8
Sim,P,PL,37906.0,2382599-8
Sim,B,Bl UniPpFdrPsdbCid...,,2382599-8
Sim,B,Maioria,,2382599-8
Sim,B,Bl MdbPsdRepPode,,2382599-8
Sim,B,Minoria,,2382599-8
Sim,B,Oposição,,2382599-8
Sim,B,Governo,,2382599-8
Sim,P,NOVO,37901.0,2360062-8
Liberado,B,Governo,,2360062-8
,B,Fdr PSOL-REDE,,2360062-8
Sim,B,Minoria,,2360062-8
Sim,B,Oposição,,2360062-8
Sim,B,Bl UniPpFdrPsdbCid...,,2360062-8
Não,B,Fdr PT-PCdoB-PV,,2360062-8
Sim,P,PL,37906.0,2360062-8
Liberado,B,Bl MdbPsdRepPode,,2360062-8
Liberado,B,Maioria,,2360062-8
Sim,B,Bl UniPpFdrPsdbCid...,,2413230-8
Sim,B,Governo,,2413230-8
Sim,B,Bl MdbPsdRepPode,,2413230-8
Sim,P,PL,37906.0,2413230-8
Sim,B,Minoria,,2413230-8
Sim,P,NOVO,37901.0,2413230-8
Sim,B,Oposição,,2413230-8
Sim,B,Maioria,,2413230-8
Sim,B,Fdr PSOL-REDE,,2413230-8
Sim,B,Fdr PT-PCdoB-PV,,2413230-8
Não,B,Governo,,2360457-42
Não,B,Fdr PSOL-REDE,,2360457-42
,B,Minoria,,2360457-42
,P,SOLIDARIEDADE,37904.0,2360457-42
Sim,B,Oposição,,2360457-42
Obstrução,P,NOVO,37901.0,2360457-42
,B,Bl PlFdrPTUniPp...,,2360457-42
Não,B,Maioria,,2360457-42
Sim,B,Maioria,,2360457-45
Sim,B,Fdr PSOL-REDE,,2360457-45
Não,B,Oposição,,2360457-45
Obstrução,P,NOVO,37901.0,2360457-45
Não,B,Minoria,,2360457-45
Liberado,B,Bl PlFdrPTUniPp...,,2360457-45
Sim,B,Governo,,2360457-45
Sim,P,SOLIDARIEDADE,37904.0,2360457-45
Sim,B,Oposição,,2360503-74
,B,Maioria,,2360503-74
Sim,P,NOVO,37901.0,2360503-74
Não,B,Fdr PSOL-REDE,,2360503-74
Sim,P,PL,37906.0,2360503-74
Não,B,Bl UniPpFdrPsdbCid...,,2360503-74
Não,B,Bl MdbPsdRepPodePsc,,2360503-74
Sim,B,Minoria,,2360503-74
Não,B,Governo,,2360503-74
Não,B,Fdr PT-PCdoB-PV,,2360503-74
Não,B,Bl MdbPsdRepPodePsc,,2360503-35
Não,B,Governo,,2360503-35
Não,B,Maioria,,2360503-35
Obstrução,B,Minoria,,2360503-35
Obstrução,P,PL,37906.0,2360503-35
Obstrução,B,Oposição,,2360503-35
Sim,P,NOVO,37901.0,2360503-35
Não,B,Fdr PSOL-REDE,,2360503-35
Não,B,Bl UniPpFdrPsdbCid...,,2360503-35
Não,B,Fdr PT-PCdoB-PV,,2360503-35
Não,B,Bl UniPpFdrPsdbCid...,,2360503-27
Não,B,Fdr PSOL-REDE,,2360503-27
Sim,P,NOVO,37901.0,2360503-27
Não,B,Bl MdbPsdRepPodePsc,,2360503-27
Obstrução,P,PL,37906.0,2360503-27
Não,B,Maioria,,2360503-27
Não,B,Governo,,2360503-27
Obstrução,B,Minoria,,2360503-27
Obstrução,B,Oposição,,2360503-27
Não,B,Fdr PT-PCdoB-PV,,2360503-27
Não,P,PODE,36896.0,2360537-70
Não,B,Fdr PSOL-REDE,,2360537-70
Não,B,Governo,,2360537-70
Sim,B,Minoria,,2360537-70
Sim,P,PL,37906.0,2360537-70
Não,P,REPUBLICANOS,37908.0,2360537-70
Sim,P,UNIÃO,38009.0,2360537-70
Não,B,Fdr PT-PCdoB-PV,,2360537-70
Não,P,PSD,36834.0,2360537-70
Sim,P,NOVO,37901.0,2360537-70
Obstrução,B,Oposição,,2360503-45
Não,B,Governo,,2360503-45
Não,B,Bl MdbPsdRepPodePsc,,2360503-45
Obstrução,B,Minoria,,2360503-45
Não,B,Fdr PT-PCdoB-PV,,2360503-45
Não,B,Maioria,,2360503-45
Não,B,Bl UniPpFdrPsdbCid...,,2360503-45
Obstrução,P,PL,37906.0,2360503-45
Não,B,Fdr PSOL-REDE,,2360503-45
Sim,P,NOVO,37901.0,2360503-45
Não,P,PL,37906.0,2379378-9
Sim,B,Maioria,,2379378-9
Liberado,B,Bl UniPpFdrPsdbCid...,,2379378-9
Sim,P,PSB,36832.0,2379378-9
Liberado,B,Bl MdbPsdRepPode,,2379378-9
Sim,B,Fdr PT-PCdoB-PV,,2379378-9
Não,B,Oposição,,2379378-9
Sim,B,Fdr PSOL-REDE,,2379378-9
Não,P,NOVO,37901.0,2379378-9
Não,B,Minoria,,2379378-9
Sim,B,Governo,,2379378-9
Não,P,REPUBLICANOS,37908.0,2362096-56
Não,P,NOVO,37901.0,2362096-56
Não,B,Minoria,,2362096-56
Obstrução,B,Fdr PSOL-REDE,,2362096-56
Não,P,PL,37906.0,2362096-56
Obstrução,B,Maioria,,2362096-56
Não,P,PP,37903.0,2362096-56
Não,P,UNIÃO,38009.0,2362096-56
Não,B,Oposição,,2362096-56
Obstrução,B,Fdr PT-PCdoB-PV,,2362096-56
Obstrução,P,SOLIDARIEDADE,37904.0,2362096-56
Sim,P,PDT,36786.0,2362096-56
Obstrução,P,PSD,36834.0,2362096-56
Obstrução,B,Governo,,2362096-56
Sim,P,NOVO,37901.0,2362096-67
Sim,P,REPUBLICANOS,37908.0,2362096-67
Não,B,Maioria,,2362096-67
Sim,B,Oposição,,2362096-67
Não,B,Governo,,2362096-67
Não,P,PSD,36834.0,2362096-67
Não,B,Fdr PT-PCdoB-PV,,2362096-67
Não,B,Fdr PSOL-REDE,,2362096-67
Sim,P,PL,37906.0,2362096-67
Sim,B,Minoria,,2362096-67
Não,P,PODE,36896.0,2362096-45
Sim,B,Maioria,,2362096-45
Não,P,PL,37906.0,2362096-45
Não,P,PP,37903.0,2362096-45
Sim,B,Fdr PSOL-REDE,,2362096-45
Não,P,NOVO,37901.0,2362096-45
Não,B,Oposição,,2362096-45
Não,B,Minoria,,2362096-45
Sim,B,Governo,,2362096-45
Sim,P,PSB,36832.0,2362096-45
Sim,B,Fdr PT-PCdoB-PV,,2362096-45
Sim,P,SOLIDARIEDADE,37904.0,2362096-45
Sim,P,PSD,36834.0,2362096-45
Não,B,Fdr PSOL-REDE,,2362096-62
Não,B,Fdr PT-PCdoB-PV,,2362096-62
Não,B,Maioria,,2362096-62
Não,P,SOLIDARIEDADE,37904.0,2362096-62
Sim,P,PL,37906.0,2362096-62
Não,B,Governo,,2362096-62
Não,P,PSD,36834.0,2362096-62
Não,P,NOVO,37901.0,2362137-8
Não,B,Oposição,,2362137-8
Não,P,PL,37906.0,2362137-8
Sim,B,Governo,,2362137-8
Sim,B,Maioria,,2362137-8
Não,B,Minoria,,2362137-8
Sim,B,Bl MdbPsdRepPodePsc,,2362137-8
Sim,B,Fdr PT-PCdoB-PV,,2362137-8
Sim,B,Bl UniPpFdrPsdbCid...,,2362137-8
Sim,B,Fdr PSOL-REDE,,2362137-8
Sim,B,Bl MdbPsdRepPodePsc,,2362190-9
Sim,P,PL,37906.0,2362190-9
Não,B,Fdr PSOL-REDE,,2362190-9
Sim,B,Oposição,,2362190-9
Liberado,B,Governo,,2362190-9
,B,Maioria,,2362190-9
Liberado,B,Bl UniPpFdrPsdbCid...,,2362190-9
Não,B,Fdr PT-PCdoB-PV,,2362190-9
Sim,B,Minoria,,2362190-9
Sim,P,NOVO,37901.0,2362190-9
Não,P,NOVO,37901.0,2362567-18
Liberado,B,Minoria,,2362567-18
Sim,B,Bl MdbPsdRepPode,,2362567-18
Sim,B,Bl UniPpFdrPsdbCid...,,2362567-18
Sim,B,Fdr PT-PCdoB-PV,,2362567-18
,B,Maioria,,2362567-18
,B,Governo,,2362567-18
Liberado,B,Oposição,,2362567-18
Sim,P,PL,37906.0,2362567-18
Não,B,Fdr PSOL-REDE,,2362567-18
,B,Maioria,,2362947-9
Não,P,NOVO,37901.0,2362947-9
Sim,B,Governo,,2362947-9
Não,B,Oposição,,2362947-9
Não,P,PL,37906.0,2362947-9
Sim,B,Bl MdbPsdRepPodePsc,,2362947-9
Sim,B,Fdr PSOL-REDE,,2362947-9
Sim,B,Bl UniPpFdrPsdbCid...,,2362947-9
Não,B,Minoria,,2362947-9
Sim,B,Fdr PT-PCdoB-PV,,2362947-9
Não,P,NOVO,37901.0,2364109-35
Liberado,B,Fdr PT-PCdoB-PV,,2364109-35
,B,Governo,,2364109-35
Liberado,B,Maioria,,2364109-35
Não,B,Oposição,,2364109-35
Sim,B,Bl MdbPsdRepPodePsc,,2364109-35
Não,B,Fdr PSOL-REDE,,2364109-35
Sim,B,Bl UniPpFdrPsdbCid...,,2364109-35
Sim,P,PL,37906.0,2364109-35
Não,B,Minoria,,2364109-35
Liberado,B,Fdr PT-PCdoB-PV,,2367595-12
Não,P,NOVO,37901.0,2367595-12
Não,B,Oposição,,2367595-12
Sim,P,PL,37906.0,2367595-12
Não,B,Fdr PSOL-REDE,,2367595-12
,B,Governo,,2367595-12
Sim,B,Bl UniPpFdrPsdbCid...,,2367595-12
Sim,B,Bl MdbPsdRepPodePsc,,2367595-12
Não,B,Minoria,,2367595-12
,B,Maioria,,2367595-12
Obstrução,B,Minoria,,2410517-10
Obstrução,P,NOVO,37901.0,2410517-10
Sim,B,Bl MdbPsdRepPode,,2410517-10
Sim,P,PL,37906.0,2410517-10
Sim,B,Governo,,2410517-10
Sim,B,Bl UniPpFdrPsdbCid...,,2410517-10
Sim,B,Fdr PT-PCdoB-PV,,2410517-10
Obstrução,B,Oposição,,2410517-10
Sim,B,Fdr PSOL-REDE,,2410517-10
Sim,B,Maioria,,2410517-10
Não,P,NOVO,37901.0,2366564-26
Sim,P,PL,37906.0,2367064-66
Sim,B,Maioria,,2367064-66
Sim,B,Fdr PSOL-REDE,,2367064-66
,B,Minoria,,2367064-66
,B,Oposição,,2367064-66
Sim,B,Fdr PT-PCdoB-PV,,2367064-66
Sim,B,Governo,,2367064-66
Sim,B,Bl MdbPsdRepPodePsc,,2367064-66
Não,P,NOVO,37901.0,2367064-66
Liberado,B,Bl UniPpFdrPsdbCid...,,2367064-66
Sim,B,Fdr PT-PCdoB-PV,,2367064-68
Sim,B,Fdr PSOL-REDE,,2367064-68
,B,Governo,,2367064-68
Não,P,PL,37906.0,2367064-68
Não,P,NOVO,37901.0,2367064-68
Sim,B,Maioria,,2367064-68
Sim,B,Bl MdbPsdRepPodePsc,,2367064-68
,B,Oposição,,2367064-68
Liberado,B,Bl UniPpFdrPsdbCid...,,2367064-68
,B,Minoria,,2367064-68
Sim,B,Governo,,2367064-82
,B,Oposição,,2367064-82
,B,Minoria,,2367064-82
Não,P,PL,37906.0,2367064-82
Sim,B,Fdr PSOL-REDE,,2367064-82
,B,Maioria,,2367064-82
Sim,B,Fdr PT-PCdoB-PV,,2367064-82
Não,P,NOVO,37901.0,2367064-82
Não,B,Bl UniPpFdrPsdbCid...,,2367064-82
Sim,B,Bl MdbPsdRepPodePsc,,2367064-82
,B,Oposição,,2367548-7
Sim,B,Fdr PSOL-REDE,,2367548-7
Sim,B,Bl UniPpFdrPsdbCid...,,2367548-7
Sim,P,PL,37906.0,2367548-7
Sim,P,NOVO,37901.0,2367548-7
Sim,B,Maioria,,2367548-7
Sim,B,Minoria,,2367548-7
,P,PSB,36832.0,2367548-7
Sim,B,Bl MdbPsdRepPode,,2367548-7
Sim,B,Governo,,2367548-7
Sim,B,Fdr PT-PCdoB-PV,,2367548-7
Obstrução,P,PL,37906.0,2367600-49
Sim,B,Bl UniPpFdrPsdbCid...,,2367600-49
Sim,B,Fdr PT-PCdoB-PV,,2367600-49
Obstrução,B,Oposição,,2367600-49
Sim,B,Fdr PSOL-REDE,,2367600-49
Obstrução,B,Minoria,,2367600-49
Sim,B,Bl MdbPsdRepPode,,2367600-49
Sim,B,Maioria,,2367600-49
Obstrução,P,NOVO,37901.0,2367600-49
Sim,B,Governo,,2367600-49
Não,B,Governo,,2367600-30
Obstrução,B,Oposição,,2367600-30
Não,B,Bl UniPpFdrPsdbCid...,,2367600-30
Não,B,Maioria,,2367600-30
Obstrução,P,PL,37906.0,2367600-30
Obstrução,B,Minoria,,2367600-30
Não,B,Fdr PT-PCdoB-PV,,2367600-30
Não,B,Fdr PSOL-REDE,,2367600-30
Obstrução,P,NOVO,37901.0,2367600-30
Não,B,Bl MdbPsdRepPode,,2367600-30
Sim,B,Bl MdbPsdRepPode,,2367600-47
Sim,B,Fdr PT-PCdoB-PV,,2367600-47
Sim,B,Governo,,2367600-47
Sim,B,Bl UniPpFdrPsdbCid...,,2367600-47
Obstrução,B,Oposição,,2367600-47
Obstrução,B,Minoria,,2367600-47
Sim,B,Fdr PSOL-REDE,,2367600-47
Obstrução,P,PL,37906.0,2367600-47
Obstrução,P,NOVO,37901.0,2367600-47
Sim,B,Maioria,,2367600-47
Não,B,Bl UniPpFdrPsdbCid...,,2367600-35
Obstrução,B,Minoria,,2367600-35
Não,B,Maioria,,2367600-35
Não,B,Fdr PT-PCdoB-PV,,2367600-35
Obstrução,P,NOVO,37901.0,2367600-35
Obstrução,B,Oposição,,2367600-35
Não,B,Governo,,2367600-35
Obstrução,P,PL,37906.0,2367600-35
Não,B,Bl MdbPsdRepPode,,2367600-35
Não,B,Fdr PSOL-REDE,,2367600-35
Obstrução,B,Minoria,,2367600-45
Sim,B,Fdr PSOL-REDE,,2367600-45
Sim,B,Fdr PT-PCdoB-PV,,2367600-45
Sim,B,Bl MdbPsdRepPode,,2367600-45
Obstrução,P,PL,37906.0,2367600-45
Sim,B,Bl UniPpFdrPsdbCid...,,2367600-45
Obstrução,P,NOVO,37901.0,2367600-45
Sim,B,Maioria,,2367600-45
Obstrução,B,Oposição,,2367600-45
Sim,B,Governo,,2367600-45
Sim,B,Governo,,2377675-8
Sim,B,Fdr PT-PCdoB-PV,,2377675-8
Sim,B,Fdr PSOL-REDE,,2377675-8
Sim,B,Maioria,,2377675-8
Sim,P,PL,37906.0,2377675-8
Sim,B,Bl MdbPsdRepPode,,2377675-8
Sim,P,NOVO,37901.0,2377675-8
Sim,B,Oposição,,2377675-8
Sim,B,Minoria,,2377675-8
Sim,B,Bl UniPpFdrPsdbCid...,,2377675-8
Não,P,NOVO,37901.0,2369594-8
Sim,B,Oposição,,2369594-8
Sim,B,Fdr PT-PCdoB-PV,,2369594-8
Sim,B,Minoria,,2369594-8
Liberado,B,Bl MdbPsdRepPodePsc,,2369594-8
,B,Fdr PSOL-REDE,,2369594-8
Liberado,B,Bl UniPpFdrPsdbCid...,,2369594-8
Sim,P,PL,37906.0,2369594-8
Sim,B,Maioria,,2369594-8
Sim,B,Governo,,2369594-8
Sim,B,Maioria,,2380935-9
Não,B,Oposição,,2380935-9
Sim,B,Fdr PSOL-REDE,,2380935-9
Não,B,Minoria,,2380935-9
Sim,B,Bl MdbPsdRepPode,,2380935-9
Sim,B,Governo,,2380935-9
Não,P,PL,37906.0,2380935-9
Sim,B,Fdr PT-PCdoB-PV,,2380935-9
Sim,B,Bl UniPpFdrPsdbCid...,,2380935-9
Não,P,NOVO,37901.0,2380935-9
Sim,B,Governo,,2372071-44
Sim,B,Fdr PT-PCdoB-PV,,2372071-44
Sim,B,Bl MdbPsdRepPode,,2372071-44
Não,B,Oposição,,2372071-44
Não,P,PL,37906.0,2372071-44
Sim,B,Maioria,,2372071-44
Sim,B,Fdr PSOL-REDE,,2372071-44
Não,B,Minoria,,2372071-44
Sim,B,Bl UniPpFdrPsdbCid...,,2372071-44
Não,P,NOVO,37901.0,2372071-44
Sim,B,Fdr PT-PCdoB-PV,,2372071-41
Não,B,Minoria,,2372071-41
Sim,B,Bl UniPpFdrPsdbCid...,,2372071-41
Não,P,NOVO,37901.0,2372071-41
Sim,B,Maioria,,2372071-41
Sim,B,Governo,,2372071-41
Não,B,Oposição,,2372071-41
Sim,B,Fdr PSOL-REDE,,2372071-41
Sim,B,Bl MdbPsdRepPode,,2372071-41
Liberado,P,PL,37906.0,2372071-41
Liberado,B,Minoria,,2372071-26
Não,B,Governo,,2372071-26
Liberado,B,Oposição,,2372071-26
Não,B,Fdr PT-PCdoB-PV,,2372071-26
Não,B,Bl MdbPsdRepPode,,2372071-26
Sim,P,NOVO,37901.0,2372071-26
Não,B,Bl UniPpFdrPsdbCid...,,2372071-26
Não,B,Fdr PSOL-REDE,,2372071-26
Não,B,Maioria,,2372071-26
Não,P,PL,37906.0,2372071-26
Sim,B,Governo,,2372099-6
Sim,B,Fdr PSOL-REDE,,2372099-6
Não,P,NOVO,37901.0,2372099-6
Sim,B,Bl UniPpFdrPsdbCid...,,2372099-6
Sim,B,Maioria,,2372099-6
Não,B,Minoria,,2372099-6
Sim,B,Fdr PT-PCdoB-PV,,2372099-6
Não,B,Oposição,,2372099-6
Não,P,PL,37906.0,2372099-6
Sim,B,Bl MdbPsdRepPodePsc,,2372099-6
Não,B,Oposição,,2372983-7
Sim,B,Bl UniPpFdrPsdbCid...,,2372983-7
Sim,B,Fdr PT-PCdoB-PV,,2372983-7
Sim,B,Bl MdbPsdRepPodePsc,,2372983-7
Não,P,PL,37906.0,2372983-7
Sim,B,Governo,,2372983-7
Não,P,NOVO,37901.0,2372983-7
Não,B,Minoria,,2372983-7
Sim,B,Maioria,,2372983-7
Sim,B,Fdr PSOL-REDE,,2372983-7
Sim,P,REPUBLICANOS,37908.0,2373113-47
Sim,P,PSB,36832.0,2373113-47
Sim,P,UNIÃO,38009.0,2373113-47
Sim,P,PP,37903.0,2373113-47
Liberado,B,Minoria,,2373113-47
Liberado,B,Oposição,,2373113-47
Liberado,B,Fdr PT-PCdoB-PV,,2373113-47
Sim,P,PSD,36834.0,2373113-47
Liberado,P,PL,37906.0,2373113-47
Liberado,B,Minoria,,2373113-42
Liberado,B,Fdr PT-PCdoB-PV,,2373113-42
Liberado,B,Governo,,2373113-42
Liberado,B,Oposição,,2373113-42
Liberado,P,MDB,36899.0,2373113-42
Sim,P,PSB,36832.0,2373113-42
Liberado,P,PL,37906.0,2373113-42
Liberado,P,PSD,36834.0,2373113-32
Liberado,P,PL,37906.0,2373113-32
Liberado,B,Governo,,2373113-32
Liberado,P,UNIÃO,38009.0,2373113-32
Sim,P,SOLIDARIEDADE,37904.0,2373113-32
Liberado,B,Fdr PT-PCdoB-PV,,2373113-32
Sim,P,PODE,36896.0,2373113-32
Liberado,B,Minoria,,2373113-32
Sim,P,PSB,36832.0,2373113-32
Liberado,B,Maioria,,2373113-32
Sim,P,PL,37906.0,2373369-5
Não,B,Fdr PT-PCdoB-PV,,2373369-5
Não,B,Maioria,,2373369-5
Não,B,Governo,,2373369-5
Sim,B,Oposição,,2373369-5
Sim,P,REPUBLICANOS,37908.0,2373369-5
Liberado,P,PDT,36786.0,2373369-5
Não,B,Fdr PSOL-REDE,,2373369-5
Sim,B,Fdr PT-PCdoB-PV,,2393997-9
Sim,B,Maioria,,2393997-9
Não,B,Minoria,,2393997-9
Não,P,PL,37906.0,2393997-9
Não,B,Oposição,,2393997-9
,B,Governo,,2393997-9
Liberado,B,Bl MdbPsdRepPode,,2393997-9
Sim,B,Bl UniPpFdrPsdbCid...,,2393997-9
Sim,B,Fdr PSOL-REDE,,2393997-9
Não,P,NOVO,37901.0,2393997-9
Não,B,Fdr PSOL-REDE,,2374400-101
Sim,P,NOVO,37901.0,2374400-101
Não,B,Bl UniPpFdrPsdbCid...,,2374400-101
Liberado,B,Bl MdbPsdRepPode,,2374400-101
Sim,B,Minoria,,2374400-101
Não,B,Governo,,2374400-101
Não,B,Fdr PT-PCdoB-PV,,2374400-101
Liberado,B,Oposição,,2374400-101
Sim,P,PL,37906.0,2374400-101
Não,B,Maioria,,2374400-101
Sim,P,PL,37906.0,2374400-121
Sim,B,Minoria,,2374400-121
Não,B,Governo,,2374400-121
Sim,B,Oposição,,2374400-121
Liberado,B,Bl MdbPsdRepPode,,2374400-121
Não,B,Fdr PSOL-REDE,,2374400-121
Sim,P,NOVO,37901.0,2374400-121
Não,B,Bl UniPpFdrPsdbCid...,,2374400-121
Não,B,Fdr PT-PCdoB-PV,,2374400-121
Não,B,Maioria,,2374400-121
Sim,B,Bl UniPpFdrPsdbCid...,,2414600-8
Sim,B,Fdr PSOL-REDE,,2414600-8
Não,P,NOVO,37901.0,2414600-8
Sim,B,Fdr PT-PCdoB-PV,,2414600-8
Liberado,B,Bl MdbPsdRepPode,,2414600-8
Liberado,B,Oposição,,2414600-8
Sim,B,Maioria,,2414600-8
Sim,B,Governo,,2414600-8
Não,P,PL,37906.0,2414600-8
Não,B,Minoria,,2414600-8
,B,Maioria,,2374400-58
,B,Governo,,2374400-58
Sim,P,PL,37906.0,2374400-58
Não,B,Fdr PT-PCdoB-PV,,2374400-58
Não,B,Fdr PSOL-REDE,,2374400-58
,B,Oposição,,2374400-58
,B,Minoria,,2374400-58
Sim,B,Bl MdbPsdRepPode,,2374400-58
Não,B,Bl UniPpFdrPsdbCid...,,2374400-58
Sim,P,NOVO,37901.0,2374400-58
Liberado,B,Minoria,,2374400-46
Sim,B,Fdr PSOL-REDE,,2374400-46
Não,B,Fdr PT-PCdoB-PV,,2374400-46
Liberado,P,PL,37906.0,2374400-46
Não,B,Bl MdbPsdRepPode,,2374400-46
Não,B,Maioria,,2374400-46
Não,B,Governo,,2374400-46
Não,B,Bl UniPpFdrPsdbCid...,,2374400-46
Liberado,B,Oposição,,2374400-46
Não,P,NOVO,37901.0,2374400-46
Liberado,B,Bl MdbPsdRepPode,,2374400-106
Não,B,Fdr PT-PCdoB-PV,,2374400-106
Sim,P,NOVO,37901.0,2374400-106
Não,B,Maioria,,2374400-106
Não,B,Governo,,2374400-106
Sim,B,Minoria,,2374400-106
Liberado,B,Oposição,,2374400-106
Sim,P,PL,37906.0,2374400-106
Não,B,Bl UniPpFdrPsdbCid...,,2374400-106
Não,B,Fdr PSOL-REDE,,2374400-106
Não,B,Oposição,,2374400-110
Não,B,Minoria,,2374400-110
Sim,B,Fdr PT-PCdoB-PV,,2374400-110
Não,P,PL,37906.0,2374400-110
Sim,B,Maioria,,2374400-110
Sim,B,Governo,,2374400-110
Sim,B,Bl UniPpFdrPsdbCid...,,2374400-110
Sim,B,Fdr PSOL-REDE,,2374400-110
Liberado,B,Bl MdbPsdRepPode,,2374400-110
Não,P,NOVO,37901.0,2374400-110
Sim,B,Fdr PT-PCdoB-PV,,2374400-53
Não,P,PL,37906.0,2374400-53
Sim,B,Fdr PSOL-REDE,,2374400-53
Não,B,Bl UniPpFdrPsdbCid...,,2374400-53
Liberado,B,Maioria,,2374400-53
Não,B,Oposição,,2374400-53
Liberado,B,Bl MdbPsdRepPode,,2374400-53
Não,B,Minoria,,2374400-53
Sim,P,NOVO,37901.0,2374400-53
Sim,B,Governo,,2374400-53
Não,B,Governo,,2374515-24
Não,B,Maioria,,2374515-24
Sim,B,Minoria,,2374515-24
Não,B,Fdr PT-PCdoB-PV,,2374515-24
Não,P,PL,37906.0,2375630-8
Sim,B,Bl MdbPsdRepPode,,2375630-8
Sim,B,Governo,,2375630-8
Sim,B,Bl UniPpFdrPsdbCid...,,2375630-8
Não,B,Minoria,,2375630-8
Sim,B,Fdr PT-PCdoB-PV,,2375630-8
Sim,B,Maioria,,2375630-8
Sim,B,Fdr PSOL-REDE,,2375630-8
Não,P,NOVO,37901.0,2375630-8
Não,B,Oposição,,2375630-8
Não,P,NOVO,37901.0,2375497-8
Sim,P,PL,37906.0,2375497-8
Sim,B,Fdr PSOL-REDE,,2375497-8
Sim,B,Bl MdbPsdRepPodePsc,,2375497-8
Não,B,Oposição,,2375497-8
Não,B,Minoria,,2375497-8
Sim,B,Bl UniPpFdrPsdbCid...,,2375497-8
Sim,B,Fdr PT-PCdoB-PV,,2375497-8
Sim,B,Governo,,2375497-8
Sim,B,Maioria,,2375497-8
Não,P,NOVO,37901.0,2376169-55
,B,Governo,,2376169-55
Sim,B,Fdr PT-PCdoB-PV,,2376169-55
Não,B,Oposição,,2376169-55
Não,B,Minoria,,2376169-55
Não,B,Bl MdbPsdRepPode,,2376169-55
Sim,B,Maioria,,2376169-55
Não,P,PL,37906.0,2376169-55
Sim,B,Fdr PSOL-REDE,,2376169-55
Não,B,Bl UniPpFdrPsdbCid...,,2376169-55
Sim,B,Oposição,,2376169-62
Sim,B,Minoria,,2376169-62
Liberado,B,Bl MdbPsdRepPode,,2376169-62
Sim,P,NOVO,37901.0,2376169-62
Não,B,Fdr PSOL-REDE,,2376169-62
Não,B,Fdr PT-PCdoB-PV,,2376169-62
,B,Governo,,2376169-62
Sim,B,Bl UniPpFdrPsdbCid...,,2376169-62
Sim,P,PL,37906.0,2376169-62
Não,B,Maioria,,2376169-62
Sim,B,Bl UniPpFdrPsdbCid...,,2382611-10
Sim,B,Oposição,,2382611-10
Não,B,Maioria,,2382611-10
Não,B,Fdr PSOL-REDE,,2382611-10
Sim,B,Bl MdbPsdRepPode,,2382611-10
Sim,P,NOVO,37901.0,2382611-10
Sim,B,Minoria,,2382611-10
Não,B,Fdr PT-PCdoB-PV,,2382611-10
Liberado,B,Governo,,2382611-10
Sim,P,PL,37906.0,2382611-10
Não,P,PL,37906.0,2376169-46
Sim,B,Fdr PT-PCdoB-PV,,2376169-46
,B,Governo,,2376169-46
Não,B,Bl UniPpFdrPsdbCid...,,2376169-46
Não,B,Bl MdbPsdRepPode,,2376169-46
Sim,B,Fdr PSOL-REDE,,2376169-46
Não,P,NOVO,37901.0,2376169-46
Não,B,Oposição,,2376169-46
Liberado,B,Maioria,,2376169-46
Não,B,Minoria,,2376169-46
Sim,B,Maioria,,2376169-40
Sim,B,Governo,,2376169-40
Sim,B,Fdr PT-PCdoB-PV,,2376169-40
Não,B,Oposição,,2376169-40
Não,B,Bl UniPpFdrPsdbCid...,,2376169-40
Não,B,Bl MdbPsdRepPode,,2376169-40
Sim,B,Fdr PSOL-REDE,,2376169-40
Não,P,NOVO,37901.0,2376169-40
Não,B,Minoria,,2376169-40
Não,P,PL,37906.0,2376169-40
Sim,B,Governo,,2377516-12
Sim,B,Fdr PSOL-REDE,,2377516-12
Sim,B,Fdr PT-PCdoB-PV,,2377516-12
Sim,P,PL,37906.0,2377516-12
Sim,B,Maioria,,2377516-12
Sim,B,Oposição,,2377516-12
Sim,B,Bl MdbPsdRepPode,,2377516-12
Sim,P,NOVO,37901.0,2377516-12
Sim,B,Minoria,,2377516-12
Sim,B,Bl UniPpFdrPsdbCid...,,2377516-12
Sim,B,Maioria,,2421056-8
Não,P,PL,37906.0,2421056-8
Sim,B,Bl MdbPsdRepPode,,2421056-8
Não,B,Minoria,,2421056-8
Não,B,Oposição,,2421056-8
Sim,B,Governo,,2421056-8
Sim,B,Fdr PT-PCdoB-PV,,2421056-8
Sim,P,PSB,36832.0,2421056-8
,P,NOVO,37901.0,2421056-8
Sim,B,Bl UniPpFdrPsdbCid...,,2421056-8
Sim,B,Fdr PSOL-REDE,,2421056-8
,B,Maioria,,2379209-61
,B,Bl PlFdrPTUniPp...,,2379209-61
,P,SOLIDARIEDADE,37904.0,2379209-61
,B,Governo,,2379209-61
Não,P,NOVO,37901.0,2379209-61
Não,B,Oposição,,2379209-61
Sim,B,Fdr PSOL-REDE,,2379209-61
,B,Minoria,,2379209-61
,B,Maioria,,2379209-53
Não,B,Fdr PSOL-REDE,,2379209-53
,P,NOVO,37901.0,2379209-53
Sim,B,Minoria,,2379209-53
Sim,B,Oposição,,2379209-53
,B,Governo,,2379209-53
Liberado,B,Bl PlFdrPTUniPp...,,2379209-53
,P,SOLIDARIEDADE,37904.0,2379209-53
Não,P,PL,37906.0,2380083-26
Não,P,REPUBLICANOS,37908.0,2380083-26
Sim,B,Fdr PT-PCdoB-PV,,2380083-26
Sim,B,Fdr PSOL-REDE,,2380083-26
Sim,P,PSB,36832.0,2380083-26
Não,P,PP,37903.0,2380083-26
Não,B,Oposição,,2380083-26
Sim,B,Fdr PT-PCdoB-PV,,2379582-7
Sim,B,Bl UniPpFdrPsdbCid...,,2379582-7
Sim,B,Fdr PSOL-REDE,,2379582-7
Sim,B,Bl MdbPsdRepPode,,2379582-7
Sim,B,Governo,,2379582-7
Sim,B,Oposição,,2379582-7
Sim,B,Maioria,,2379582-7
Sim,P,PL,37906.0,2379582-7
Sim,B,Minoria,,2379582-7
Não,P,NOVO,37901.0,2379582-7
Sim,P,REPUBLICANOS,37908.0,2381044-4
Sim,B,Minoria,,2381044-4
Não,B,Maioria,,2381044-4
Não,P,PP,37903.0,2381044-4
Não,B,Fdr PSOL-REDE,,2381044-4
Sim,B,Oposição,,2381044-4
Não,P,PDT,36786.0,2381044-4
Sim,P,PL,37906.0,2381044-4
Não,B,Fdr PT-PCdoB-PV,,2381044-4
Não,P,MDB,36899.0,2381044-4
Não,B,Governo,,2381044-4
Não,B,Maioria,,2381043-60
Não,B,Governo,,2381043-60
Sim,P,NOVO,37901.0,2381043-60
Não,B,Fdr PSOL-REDE,,2381043-60
Sim,B,Oposição,,2381043-60
Não,B,Bl UniPpFdrPsdbCid...,,2381043-60
Sim,P,PL,37906.0,2381043-60
Não,B,Bl MdbPsdRepPode,,2381043-60
Não,B,Fdr PT-PCdoB-PV,,2381043-60
Sim,B,Minoria,,2381043-60
Não,B,Governo,,2381043-45
Sim,B,Oposição,,2381043-45
Não,B,Fdr PSOL-REDE,,2381043-45
Não,B,Maioria,,2381043-45
Sim,B,Minoria,,2381043-45
,B,Bl UniPpFdrPsdbCid...,,2381043-45
Não,B,Fdr PT-PCdoB-PV,,2381043-45
Sim,P,NOVO,37901.0,2381043-45
Sim,P,PL,37906.0,2381043-45
Não,B,Bl MdbPsdRepPode,,2381043-45
Obstrução,B,Minoria,,2381043-66
Sim,B,Bl UniPpFdrPsdbCid...,,2381043-66
Sim,B,Bl MdbPsdRepPode,,2381043-66
Sim,B,Fdr PT-PCdoB-PV,,2381043-66
Obstrução,P,NOVO,37901.0,2381043-66
Sim,B,Governo,,2381043-66
Sim,B,Maioria,,2381043-66
Sim,B,Fdr PSOL-REDE,,2381043-66
Obstrução,P,PL,37906.0,2381043-66
Obstrução,B,Oposição,,2381043-66
Não,B,Minoria,,2381043-63
Sim,B,Bl UniPpFdrPsdbCid...,,2381043-63
Não,P,NOVO,37901.0,2381043-63
Sim,B,Maioria,,2381043-63
Não,P,PL,37906.0,2381043-63
Sim,B,Fdr PSOL-REDE,,2381043-63
Sim,B,Bl MdbPsdRepPode,,2381043-63
Sim,B,Fdr PT-PCdoB-PV,,2381043-63
Sim,B,Governo,,2381043-63
Não,B,Oposição,,2381043-63
Sim,B,Oposição,,2381043-35
Não,B,Bl MdbPsdRepPode,,2381043-35
Não,B,Fdr PT-PCdoB-PV,,2381043-35
Não,B,Bl UniPpFdrPsdbCid...,,2381043-35
Não,B,Governo,,2381043-35
Não,B,Fdr PSOL-REDE,,2381043-35
Não,B,Maioria,,2381043-35
Sim,B,Minoria,,2381043-35
Sim,P,NOVO,37901.0,2381043-35
Sim,P,PL,37906.0,2381043-35
Sim,P,NOVO,37901.0,2382257-49
Sim,B,Fdr PSOL-REDE,,2382257-49
Sim,P,PL,37906.0,2382257-49
Sim,B,Maioria,,2382257-49
Sim,B,Minoria,,2382257-49
Sim,B,Bl MdbPsdRepPode,,2382257-49
Sim,B,Fdr PT-PCdoB-PV,,2382257-49
Sim,B,Bl UniPpFdrPsdbCid...,,2382257-49
Sim,P,PSB,36832.0,2382257-49
Sim,B,Oposição,,2382257-49
Sim,B,Governo,,2382257-49
Sim,B,Oposição,,2383287-50
Não,B,Bl MdbPsdRepPode,,2383287-50
Não,B,Fdr PT-PCdoB-PV,,2383287-50
Sim,P,NOVO,37901.0,2383287-50
Não,B,Bl UniPpFdrPsdbCid...,,2383287-50
Não,B,Governo,,2383287-50
Sim,B,Minoria,,2383287-50
Não,B,Fdr PSOL-REDE,,2383287-50
Não,B,Maioria,,2383287-50
Sim,P,PL,37906.0,2383287-50
Sim,B,Minoria,,2383287-23
Não,B,Bl UniPpFdrPsdbCid...,,2383287-23
Não,B,Bl MdbPsdRepPode,,2383287-23
Não,B,Fdr PT-PCdoB-PV,,2383287-23
Sim,P,NOVO,37901.0,2383287-23
Não,B,Maioria,,2383287-23
Não,B,Governo,,2383287-23
Não,B,Fdr PSOL-REDE,,2383287-23
Sim,P,PL,37906.0,2383287-23
Sim,B,Oposição,,2383287-23
Não,B,Bl MdbPsdRepPode,,2383287-53
Não,B,Governo,,2383287-53
Sim,B,Oposição,,2383287-53
Não,B,Maioria,,2383287-53
Não,B,Fdr PT-PCdoB-PV,,2383287-53
Sim,P,PL,37906.0,2383287-53
Não,B,Bl UniPpFdrPsdbCid...,,2383287-53
Sim,P,NOVO,37901.0,2383287-53
Sim,B,Minoria,,2383287-53
Não,B,Fdr PSOL-REDE,,2383287-53
Sim,P,PL,37906.0,2383287-61
Sim,B,Oposição,,2383287-61
Não,B,Bl MdbPsdRepPode,,2383287-61
Não,B,Fdr PSOL-REDE,,2383287-61
Não,B,Bl UniPpFdrPsdbCid...,,2383287-61
Sim,P,NOVO,37901.0,2383287-61
Sim,B,Minoria,,2383287-61
Não,B,Governo,,2383287-61
Não,B,Fdr PT-PCdoB-PV,,2383287-61
Não,B,Maioria,,2383287-61
Sim,B,Governo,,2383287-43
Sim,B,Bl MdbPsdRepPode,,2383287-43
Sim,B,Maioria,,2383287-43
Sim,B,Fdr PSOL-REDE,,2383287-43
Não,B,Minoria,,2383287-43
Não,P,NOVO,37901.0,2383287-43
Sim,B,Bl UniPpFdrPsdbCid...,,2383287-43
Sim,B,Fdr PT-PCdoB-PV,,2383287-43
Não,P,PL,37906.0,2383287-43
Não,B,Oposição,,2383287-43
Não,B,Governo,,2383287-47
Sim,P,NOVO,37901.0,2383287-47
Não,B,Fdr PSOL-REDE,,2383287-47
Não,B,Bl MdbPsdRepPode,,2383287-47
Sim,P,PL,37906.0,2383287-47
Não,B,Fdr PT-PCdoB-PV,,2383287-47
Não,B,Maioria,,2383287-47
Sim,B,Minoria,,2383287-47
Não,B,Bl UniPpFdrPsdbCid...,,2383287-47
Sim,B,Oposição,,2383287-47
Não,B,Bl UniPpFdrPsdbCid...,,2383287-41
Sim,P,NOVO,37901.0,2383287-41
Sim,B,Minoria,,2383287-41
Não,B,Fdr PT-PCdoB-PV,,2383287-41
Não,B,Fdr PSOL-REDE,,2383287-41
Sim,B,Oposição,,2383287-41
Sim,P,PL,37906.0,2383287-41
Não,B,Governo,,2383287-41
Não,B,Maioria,,2383287-41
Não,B,Bl MdbPsdRepPode,,2383287-41
Sim,P,NOVO,37901.0,2383287-30
Sim,B,Oposição,,2383287-30
Sim,B,Minoria,,2383287-30
Não,B,Fdr PSOL-REDE,,2383287-30
Sim,P,PL,37906.0,2383287-30
Não,B,Fdr PT-PCdoB-PV,,2383287-30
Não,B,Bl UniPpFdrPsdbCid...,,2383287-30
Liberado,B,Bl MdbPsdRepPode,,2383287-30
Não,B,Governo,,2383287-30
Não,B,Maioria,,2383287-30
Obstrução,B,Fdr PT-PCdoB-PV,,2383411-50
Obstrução,B,Governo,,2383411-50
Não,P,UNIÃO,38009.0,2383411-50
Não,P,PSD,36834.0,2383411-50
Não,B,Minoria,,2383411-50
Obstrução,B,Maioria,,2383411-50
Não,B,Oposição,,2383411-50
Sim,B,Fdr PSOL-REDE,,2383411-59
Não,B,Minoria,,2383411-59
Sim,B,Maioria,,2383411-59
Não,B,Oposição,,2383411-59
Não,P,NOVO,37901.0,2383411-59
Não,P,UNIÃO,38009.0,2383411-59
Obstrução,B,Governo,,2383411-59
Não,P,PL,37906.0,2383411-59
Não,P,PSD,36834.0,2383411-59
Sim,B,Fdr PT-PCdoB-PV,,2383411-59
Não,B,Governo,,2383411-63
Sim,B,Minoria,,2383411-63
Sim,B,Oposição,,2383411-63
Sim,P,UNIÃO,38009.0,2383411-63
Sim,P,PL,37906.0,2383411-63
Sim,P,NOVO,37901.0,2383411-63
Não,B,Fdr PT-PCdoB-PV,,2383411-63
Não,B,Fdr PSOL-REDE,,2383411-63
Não,B,Maioria,,2383411-63
Não,B,Bl MdbPsdRepPode,,2384692-45
Não,B,Maioria,,2384692-45
Obstrução,B,Oposição,,2384692-45
Não,B,Bl UniPpFdrPsdbCid...,,2384692-45
Obstrução,B,Minoria,,2384692-45
Não,B,Governo,,2384692-45
Não,B,Fdr PT-PCdoB-PV,,2384692-45
Obstrução,P,NOVO,37901.0,2384692-45
,B,Fdr PSOL-REDE,,2384692-45
Obstrução,P,PL,37906.0,2384692-45
Obstrução,P,PL,37906.0,2384692-38
Obstrução,B,Minoria,,2384692-38
Não,B,Bl MdbPsdRepPode,,2384692-38
Obstrução,B,Oposição,,2384692-38
Não,B,Bl UniPpFdrPsdbCid...,,2384692-38
Não,B,Governo,,2384692-38
Não,B,Fdr PT-PCdoB-PV,,2384692-38
,B,Fdr PSOL-REDE,,2384692-38
Obstrução,P,NOVO,37901.0,2384692-38
Não,B,Maioria,,2384692-38
Não,B,Maioria,,2384692-49
Obstrução,B,Oposição,,2384692-49
Não,B,Bl MdbPsdRepPode,,2384692-49
Não,B,Governo,,2384692-49
Obstrução,P,NOVO,37901.0,2384692-49
Obstrução,B,Minoria,,2384692-49
Não,B,Fdr PT-PCdoB-PV,,2384692-49
Obstrução,P,PL,37906.0,2384692-49
Não,B,Bl UniPpFdrPsdbCid...,,2384692-49
,B,Fdr PSOL-REDE,,2384692-49
Obstrução,B,Oposição,,2384692-31
,B,Fdr PSOL-REDE,,2384692-31
Sim,B,Bl UniPpFdrPsdbCid...,,2384692-31
Sim,B,Maioria,,2384692-31
Obstrução,P,NOVO,37901.0,2384692-31
Obstrução,B,Minoria,,2384692-31
Sim,B,Bl MdbPsdRepPode,,2384692-31
Sim,B,Governo,,2384692-31
Obstrução,P,PL,37906.0,2384692-31
Sim,B,Fdr PT-PCdoB-PV,,2384692-31
Não,B,Bl MdbPsdRepPode,,2384692-43
Obstrução,P,NOVO,37901.0,2384692-43
Não,B,Bl UniPpFdrPsdbCid...,,2384692-43
Obstrução,P,PL,37906.0,2384692-43
,B,Fdr PSOL-REDE,,2384692-43
Não,B,Maioria,,2384692-43
Obstrução,B,Oposição,,2384692-43
Não,B,Governo,,2384692-43
Obstrução,B,Minoria,,2384692-43
Não,B,Fdr PT-PCdoB-PV,,2384692-43
Sim,B,Bl UniPpFdrPsdbCid...,,2384692-35
Sim,B,Maioria,,2384692-35
Sim,B,Bl MdbPsdRepPode,,2384692-35
Obstrução,B,Oposição,,2384692-35
Obstrução,P,NOVO,37901.0,2384692-35
Obstrução,P,PL,37906.0,2384692-35
,B,Fdr PSOL-REDE,,2384692-35
Sim,B,Fdr PT-PCdoB-PV,,2384692-35
Sim,B,Governo,,2384692-35
Obstrução,B,Minoria,,2384692-35
Obstrução,P,NOVO,37901.0,2384692-33
,B,Fdr PSOL-REDE,,2384692-33
Sim,B,Bl MdbPsdRepPode,,2384692-33
Obstrução,B,Oposição,,2384692-33
Obstrução,B,Minoria,,2384692-33
Sim,B,Governo,,2384692-33
Obstrução,P,PL,37906.0,2384692-33
Sim,B,Fdr PT-PCdoB-PV,,2384692-33
Sim,B,Bl UniPpFdrPsdbCid...,,2384692-33
Sim,B,Maioria,,2384692-33
Não,B,Bl UniPpFdrPsdbCid...,,2384692-27
Obstrução,P,NOVO,37901.0,2384692-27
Obstrução,B,Minoria,,2384692-27
,B,Fdr PSOL-REDE,,2384692-27
Obstrução,P,PL,37906.0,2384692-27
Obstrução,B,Oposição,,2384692-27
Não,B,Maioria,,2384692-27
Não,B,Bl MdbPsdRepPode,,2384692-27
Não,B,Fdr PT-PCdoB-PV,,2384692-27
Não,B,Governo,,2384692-27
Não,B,Bl UniPpFdrPsdbCid...,,2384692-21
,B,Fdr PSOL-REDE,,2384692-21
Não,B,Bl MdbPsdRepPode,,2384692-21
Não,B,Maioria,,2384692-21
Não,B,Governo,,2384692-21
Não,B,Fdr PT-PCdoB-PV,,2384692-21
Obstrução,P,NOVO,37901.0,2384692-21
Obstrução,B,Minoria,,2384692-21
Obstrução,P,PL,37906.0,2384692-21
Obstrução,B,Oposição,,2384692-21
Não,P,PDT,36786.0,2384733-25
Não,B,Fdr PT-PCdoB-PV,,2384733-25
Não,B,Fdr PSOL-REDE,,2384733-25
Sim,P,PL,37906.0,2384733-25
Sim,P,PODE,36896.0,2384733-25
Sim,B,Minoria,,2384733-25
Sim,P,REPUBLICANOS,37908.0,2384733-25
Sim,P,PSD,36834.0,2384733-25
Não,P,PSB,36832.0,2384733-25
Sim,B,Oposição,,2384733-25
Não,B,Governo,,2384733-25
Obstrução,P,UNIÃO,38009.0,2385037-3
Obstrução,P,UNIÃO,38009.0,2385037-2
Não,B,Fdr PSOL-REDE,,2388491-7
Sim,B,Minoria,,2388491-7
Não,B,Maioria,,2388491-7
Não,B,Fdr PT-PCdoB-PV,,2388491-7
Sim,B,Bl UniPpFdrPsdbCid...,,2388491-7
Não,P,PSB,36832.0,2388491-7
Liberado,B,Bl MdbPsdRepPode,,2388491-7
Não,B,Governo,,2388491-7
Sim,P,NOVO,37901.0,2388491-7
Sim,P,PL,37906.0,2388491-7
Sim,B,Oposição,,2388491-7
Não,P,PL,37906.0,2427395-8
Não,P,NOVO,37901.0,2427395-8
Sim,B,Bl UniPpFdrPsdbCid...,,2427395-8
Não,B,Minoria,,2427395-8
,P,PSB,36832.0,2427395-8
Sim,B,Maioria,,2427395-8
Sim,B,Fdr PSOL-REDE,,2427395-8
Não,B,Oposição,,2427395-8
Sim,B,Governo,,2427395-8
Sim,B,Bl MdbPsdRepPode,,2427395-8
Sim,B,Fdr PT-PCdoB-PV,,2427395-8
Não,B,Bl UniPpFdrPsdbCid...,,2387035-55
Não,B,Fdr PT-PCdoB-PV,,2387035-55
Não,B,Fdr PSOL-REDE,,2387035-55
Obstrução,B,Minoria,,2387035-55
,B,Maioria,,2387035-55
Obstrução,P,PL,37906.0,2387035-55
Obstrução,B,Oposição,,2387035-55
Não,B,Bl MdbPsdRepPode,,2387035-55
Obstrução,P,NOVO,37901.0,2387035-55
Não,B,Governo,,2387035-55
Não,B,Fdr PSOL-REDE,,2387035-44
Não,B,Governo,,2387035-44
Não,B,Maioria,,2387035-44
Não,B,Bl UniPpFdrPsdbCid...,,2387035-44
Obstrução,P,NOVO,37901.0,2387035-44
Não,B,Fdr PT-PCdoB-PV,,2387035-44
Não,B,Bl MdbPsdRepPode,,2387035-44
Obstrução,B,Minoria,,2387035-44
Obstrução,B,Oposição,,2387035-44
Obstrução,P,PL,37906.0,2387035-44
,B,Governo,,2387066-94
Sim,P,PL,37906.0,2387066-94
Sim,B,Oposição,,2387066-94
Liberado,B,Bl MdbPsdRepPode,,2387066-94
Sim,B,Bl UniPpFdrPsdbCid...,,2387066-94
Não,B,Fdr PSOL-REDE,,2387066-94
Sim,P,NOVO,37901.0,2387066-94
Sim,B,Minoria,,2387066-94
Não,B,Fdr PT-PCdoB-PV,,2387066-94
Liberado,B,Maioria,,2387066-94
Sim,B,Bl UniPpFdrPsdbCid...,,2387266-8
Sim,B,Minoria,,2387266-8
Não,B,Fdr PSOL-REDE,,2387266-8
Não,P,NOVO,37901.0,2387266-8
Liberado,B,Oposição,,2387266-8
Sim,B,Bl MdbPsdRepPode,,2387266-8
Sim,B,Governo,,2387266-8
Sim,B,Fdr PT-PCdoB-PV,,2387266-8
Sim,P,PL,37906.0,2387266-8
Sim,B,Maioria,,2387266-8
Liberado,B,Bl MdbPsdRepPode,,2387264-8
Não,B,Fdr PSOL-REDE,,2387264-8
,B,Governo,,2387264-8
Liberado,B,Oposição,,2387264-8
Sim,B,Minoria,,2387264-8
Não,P,NOVO,37901.0,2387264-8
Sim,P,PL,37906.0,2387264-8
Sim,B,Bl UniPpFdrPsdbCid...,,2387264-8
Sim,B,Maioria,,2387264-8
Sim,B,Fdr PT-PCdoB-PV,,2387264-8
Não,B,Fdr PSOL-REDE,,2387067-33
,B,Maioria,,2387067-33
,B,Governo,,2387067-33
Sim,B,Bl MdbPsdRepPode,,2387067-33
,B,Minoria,,2387067-33
Sim,B,Bl UniPpFdrPsdbCid...,,2387067-33
Sim,P,PL,37906.0,2387067-33
Liberado,B,Oposição,,2387067-33
Não,P,NOVO,37901.0,2387067-33
Sim,B,Fdr PT-PCdoB-PV,,2387067-33
Sim,P,NOVO,37901.0,2387066-78
Liberado,B,Maioria,,2387066-78
,B,Governo,,2387066-78
Sim,B,Fdr PSOL-REDE,,2387066-78
Não,B,Bl UniPpFdrPsdbCid...,,2387066-78
Não,P,PL,37906.0,2387066-78
Sim,B,Fdr PT-PCdoB-PV,,2387066-78
Liberado,B,Bl MdbPsdRepPode,,2387066-78
Liberado,B,Oposição,,2387066-78
Não,B,Minoria,,2387066-78
Não,B,Fdr PT-PCdoB-PV,,2387066-101
Não,B,Maioria,,2387066-101
Liberado,B,Bl MdbPsdRepPode,,2387066-101
Não,B,Fdr PSOL-REDE,,2387066-101
Não,P,NOVO,37901.0,2387066-101
,B,Governo,,2387066-101
Não,B,Minoria,,2387066-101
Não,B,Bl UniPpFdrPsdbCid...,,2387066-101
Não,P,PL,37906.0,2387066-101
Liberado,B,Oposição,,2387066-101
Liberado,B,Oposição,,2387066-89
Sim,B,Fdr PSOL-REDE,,2387066-89
Sim,P,NOVO,37901.0,2387066-89
Não,B,Bl UniPpFdrPsdbCid...,,2387066-89
,B,Governo,,2387066-89
Liberado,B,Maioria,,2387066-89
Não,B,Minoria,,2387066-89
Sim,B,Fdr PT-PCdoB-PV,,2387066-89
Não,P,PL,37906.0,2387066-89
Liberado,B,Bl MdbPsdRepPode,,2387066-89
Liberado,B,Bl MdbPsdRepPode,,2387066-70
,B,Governo,,2387066-70
Não,B,Fdr PT-PCdoB-PV,,2387066-70
Não,B,Bl UniPpFdrPsdbCid...,,2387066-70
Não,B,Maioria,,2387066-70
Sim,P,NOVO,37901.0,2387066-70
Liberado,B,Minoria,,2387066-70
Liberado,B,Oposição,,2387066-70
Sim,B,Fdr PSOL-REDE,,2387066-70
Não,P,PL,37906.0,2387066-70
Não,B,Bl MdbPsdRepPode,,2387066-84
Não,B,Oposição,,2387066-84
Sim,B,Fdr PSOL-REDE,,2387066-84
,B,Governo,,2387066-84
Não,B,Minoria,,2387066-84
Liberado,B,Maioria,,2387066-84
Não,P,PL,37906.0,2387066-84
Não,P,NOVO,37901.0,2387066-84
Sim,B,Fdr PT-PCdoB-PV,,2387066-84
Não,B,Bl UniPpFdrPsdbCid...,,2387066-84
Não,P,NOVO,37901.0,2387066-80
Não,B,Oposição,,2387066-80
Liberado,B,Bl UniPpFdrPsdbCid...,,2387066-80
Não,B,Fdr PT-PCdoB-PV,,2387066-80
Não,B,Maioria,,2387066-80
Não,B,Minoria,,2387066-80
Não,B,Fdr PSOL-REDE,,2387066-80
Não,B,Bl MdbPsdRepPode,,2387066-80
,B,Governo,,2387066-80
Não,P,PL,37906.0,2387066-80
Não,B,Fdr PT-PCdoB-PV,,2387066-44
Não,B,Oposição,,2387066-44
Não,P,PL,37906.0,2387066-44
,B,Governo,,2387066-44
Sim,B,Fdr PSOL-REDE,,2387066-44
Liberado,B,Bl MdbPsdRepPode,,2387066-44
Não,B,Minoria,,2387066-44
Sim,P,NOVO,37901.0,2387066-44
Não,B,Maioria,,2387066-44
Não,B,Bl UniPpFdrPsdbCid...,,2387066-44
Liberado,B,Oposição,,2387066-55
Não,B,Fdr PT-PCdoB-PV,,2387066-55
Sim,P,NOVO,37901.0,2387066-55
Sim,B,Fdr PSOL-REDE,,2387066-55
,B,Governo,,2387066-55
Não,P,PL,37906.0,2387066-55
Não,B,Minoria,,2387066-55
,B,Maioria,,2387066-55
Não,B,Bl UniPpFdrPsdbCid...,,2387066-55
Liberado,B,Bl MdbPsdRepPode,,2387066-55
Não,B,Maioria,,2387066-100
,B,Oposição,,2387066-100
Sim,P,PL,37906.0,2387066-100
Não,B,Bl MdbPsdRepPode,,2387066-100
Sim,B,Fdr PSOL-REDE,,2387066-100
Não,B,Fdr PT-PCdoB-PV,,2387066-100
Não,B,Bl UniPpFdrPsdbCid...,,2387066-100
Sim,P,NOVO,37901.0,2387066-100
,B,Governo,,2387066-100
Sim,B,Minoria,,2387066-100
Não,B,Minoria,,2387066-91
Não,P,PL,37906.0,2387066-91
Não,B,Oposição,,2387066-91
Liberado,B,Maioria,,2387066-91
,B,Governo,,2387066-91
Sim,B,Fdr PSOL-REDE,,2387066-91
Não,B,Bl UniPpFdrPsdbCid...,,2387066-91
Sim,B,Bl MdbPsdRepPode,,2387066-91
Sim,B,Fdr PT-PCdoB-PV,,2387066-91
Não,P,NOVO,37901.0,2387066-91
Sim,B,Governo,,2407521-8
Sim,B,Maioria,,2407521-8
Liberado,B,Oposição,,2407521-8
Sim,B,Bl MdbPsdRepPode,,2407521-8
Sim,B,Fdr PT-PCdoB-PV,,2407521-8
Não,P,NOVO,37901.0,2407521-8
Liberado,P,PL,37906.0,2407521-8
Liberado,B,Minoria,,2407521-8
Sim,B,Fdr PSOL-REDE,,2407521-8
Sim,B,Bl UniPpFdrPsdbCid...,,2407521-8
Não,B,Fdr PSOL-REDE,,2387066-63
Liberado,B,Minoria,,2387066-63
Liberado,B,Bl MdbPsdRepPode,,2387066-63
,B,Maioria,,2387066-63
,B,Governo,,2387066-63
Sim,B,Bl UniPpFdrPsdbCid...,,2387066-63
Sim,B,Fdr PT-PCdoB-PV,,2387066-63
Não,P,NOVO,37901.0,2387066-63
Liberado,B,Oposição,,2387066-63
Sim,P,PL,37906.0,2387066-63
,B,Bl UniPpFdrPsdbCid...,,2387579-35
Sim,B,Bl MdbPsdRepPode,,2387579-35
,B,Fdr PSOL-REDE,,2387579-35
Sim,B,Maioria,,2387579-35
Obstrução,P,NOVO,37901.0,2387579-35
Sim,B,Fdr PT-PCdoB-PV,,2387579-35
Obstrução,B,Minoria,,2387579-35
Obstrução,P,PL,37906.0,2387579-35
Sim,B,Governo,,2387579-35
Obstrução,B,Oposição,,2387579-35
Sim,B,Bl UniPpFdrPsdbCid...,,2387579-37
Sim,B,Maioria,,2387579-37
Sim,B,Governo,,2387579-37
Obstrução,P,NOVO,37901.0,2387579-37
Obstrução,B,Minoria,,2387579-37
Sim,B,Fdr PT-PCdoB-PV,,2387579-37
Sim,B,Bl MdbPsdRepPode,,2387579-37
Obstrução,B,Oposição,,2387579-37
,B,Fdr PSOL-REDE,,2387579-37
Obstrução,P,PL,37906.0,2387579-37
Sim,B,Governo,,2387579-40
Obstrução,B,Minoria,,2387579-40
Sim,B,Fdr PT-PCdoB-PV,,2387579-40
Sim,B,Bl MdbPsdRepPode,,2387579-40
Sim,B,Bl UniPpFdrPsdbCid...,,2387579-40
Obstrução,B,Oposição,,2387579-40
,B,Fdr PSOL-REDE,,2387579-40
Sim,B,Maioria,,2387579-40
Obstrução,P,PL,37906.0,2387579-40
Obstrução,P,NOVO,37901.0,2387579-40
Sim,B,Fdr PT-PCdoB-PV,,2387579-46
,B,Fdr PSOL-REDE,,2387579-46
Obstrução,B,Minoria,,2387579-46
Sim,B,Maioria,,2387579-46
Obstrução,B,Oposição,,2387579-46
Obstrução,P,NOVO,37901.0,2387579-46
Sim,B,Governo,,2387579-46
Obstrução,P,PL,37906.0,2387579-46
Sim,B,Bl UniPpFdrPsdbCid...,,2387579-46
Sim,B,Bl MdbPsdRepPode,,2387579-46
Sim,B,Maioria,,2387579-49
Obstrução,B,Minoria,,2387579-49
,B,Fdr PSOL-REDE,,2387579-49
Sim,B,Governo,,2387579-49
Sim,B,Bl MdbPsdRepPode,,2387579-49
Obstrução,P,NOVO,37901.0,2387579-49
Obstrução,P,PL,37906.0,2387579-49
Sim,B,Fdr PT-PCdoB-PV,,2387579-49
Obstrução,B,Oposição,,2387579-49
Sim,B,Bl UniPpFdrPsdbCid...,,2387579-49
,B,Fdr PSOL-REDE,,2387579-19
Obstrução,B,Oposição,,2387579-19
,B,Bl UniPpFdrPsdbCid...,,2387579-19
Não,B,Fdr PT-PCdoB-PV,,2387579-19
Não,B,Bl MdbPsdRepPode,,2387579-19
Não,B,Maioria,,2387579-19
Não,B,Governo,,2387579-19
Obstrução,B,Minoria,,2387579-19
Obstrução,P,PL,37906.0,2387579-19
Obstrução,P,NOVO,37901.0,2387579-19
,B,Maioria,,2387579-27
,B,Fdr PSOL-REDE,,2387579-27
Obstrução,B,Minoria,,2387579-27
Obstrução,B,Oposição,,2387579-27
Obstrução,P,PL,37906.0,2387579-27
Não,B,Governo,,2387579-27
Obstrução,P,NOVO,37901.0,2387579-27
Não,B,Bl MdbPsdRepPode,,2387579-27
Não,B,Fdr PT-PCdoB-PV,,2387579-27
,B,Bl UniPpFdrPsdbCid...,,2387579-27
,B,Fdr PSOL-REDE,,2387579-43
Sim,B,Bl MdbPsdRepPode,,2387579-43
Sim,B,Maioria,,2387579-43
Obstrução,P,PL,37906.0,2387579-43
,B,Bl UniPpFdrPsdbCid...,,2387579-43
Obstrução,B,Oposição,,2387579-43
Sim,B,Governo,,2387579-43
Sim,B,Fdr PT-PCdoB-PV,,2387579-43
Obstrução,P,NOVO,37901.0,2387579-43
Obstrução,B,Minoria,,2387579-43
Sim,B,Governo,,2388029-94
Sim,B,Fdr PT-PCdoB-PV,,2388029-94
Sim,B,Maioria,,2388029-94
Sim,P,PL,37906.0,2388029-94
Sim,B,Oposição,,2388029-94
Sim,B,Fdr PSOL-REDE,,2388029-94
Sim,P,PSB,36832.0,2388029-94
Sim,P,NOVO,37901.0,2388029-94
Sim,B,Bl MdbPsdRepPode,,2388029-94
Sim,B,Minoria,,2388029-94
Sim,B,Bl UniPpFdrPsdbCid...,,2388029-94
Sim,B,Bl MdbPsdRepPode,,2388029-86
Sim,B,Governo,,2388029-86
Sim,B,Bl UniPpFdrPsdbCid...,,2388029-86
Sim,B,Fdr PT-PCdoB-PV,,2388029-86
Sim,B,Oposição,,2388029-86
Sim,P,PSB,36832.0,2388029-86
Sim,B,Fdr PSOL-REDE,,2388029-86
Sim,P,PL,37906.0,2388029-86
Sim,B,Maioria,,2388029-86
Sim,P,NOVO,37901.0,2388029-86
Sim,B,Minoria,,2388029-86
Sim,B,Oposição,,2388029-88
Sim,B,Bl MdbPsdRepPode,,2388029-88
Sim,B,Fdr PSOL-REDE,,2388029-88
Sim,B,Minoria,,2388029-88
Sim,B,Maioria,,2388029-88
Sim,P,PL,37906.0,2388029-88
Sim,P,NOVO,37901.0,2388029-88
Sim,B,Bl UniPpFdrPsdbCid...,,2388029-88
Sim,P,PSB,36832.0,2388029-88
Sim,B,Fdr PT-PCdoB-PV,,2388029-88
Sim,B,Governo,,2388029-88
Sim,B,Oposição,,2388837-35
Sim,B,Governo,,2388837-35
Sim,P,NOVO,37901.0,2388837-35
Sim,B,Bl UniPpFdrPsdbCid...,,2388837-35
Sim,B,Minoria,,2388837-35
,B,Maioria,,2388837-35
Sim,B,Fdr PT-PCdoB-PV,,2388837-35
Sim,P,PSB,36832.0,2388837-35
Sim,B,Bl MdbPsdRepPode,,2388837-35
Sim,B,Fdr PSOL-REDE,,2388837-35
Sim,P,PL,37906.0,2388837-35
Sim,B,Maioria,,2390639-8
Liberado,B,Minoria,,2390639-8
Liberado,B,Oposição,,2390639-8
Sim,P,PL,37906.0,2390639-8
Sim,B,Governo,,2390639-8
Sim,B,Bl UniPpFdrPsdbCid...,,2390639-8
Sim,B,Bl MdbPsdRepPode,,2390639-8
,B,Fdr PSOL-REDE,,2390639-8
Sim,B,Fdr PT-PCdoB-PV,,2390639-8
Não,P,NOVO,37901.0,2390639-8
Sim,B,Fdr PSOL-REDE,,2433398-9
Liberado,B,Oposição,,2433398-9
Sim,B,Maioria,,2433398-9
Liberado,B,Minoria,,2433398-9
Não,P,NOVO,37901.0,2433398-9
Liberado,B,Bl MdbPsdRepPode,,2433398-9
Sim,P,PSB,36832.0,2433398-9
Sim,B,Governo,,2433398-9
Sim,B,Fdr PT-PCdoB-PV,,2433398-9
Sim,P,PL,37906.0,2433398-9
Sim,B,Bl UniPpFdrPsdbCid...,,2433398-9
Sim,P,NOVO,37901.0,2391567-50
Não,B,Governo,,2391567-50
Não,B,Fdr PT-PCdoB-PV,,2391567-50
Sim,B,Minoria,,2391567-50
Não,B,Maioria,,2391567-50
Sim,B,Oposição,,2391567-50
Não,P,PDT,36786.0,2391567-50
Sim,P,REPUBLICANOS,37908.0,2391567-50
Sim,P,PL,37906.0,2391567-50
Sim,P,PP,37903.0,2391567-50
Não,B,Fdr PSOL-REDE,,2391567-50
Sim,B,Governo,,2399396-7
Não,B,Minoria,,2399396-7
Sim,B,Bl MdbPsdRepPode,,2399396-7
Sim,B,Fdr PSOL-REDE,,2399396-7
Sim,B,Bl UniPpFdrPsdbCid...,,2399396-7
Sim,B,Maioria,,2399396-7
Sim,P,PL,37906.0,2399396-7
Não,P,NOVO,37901.0,2399396-7
Liberado,B,Oposição,,2399396-7
Sim,B,Fdr PT-PCdoB-PV,,2399396-7
Sim,B,Fdr PT-PCdoB-PV,,2391935-43
Sim,B,Oposição,,2391935-43
Sim,B,Minoria,,2391935-43
Sim,P,PL,37906.0,2391935-43
Sim,B,Governo,,2391935-43
Sim,B,Bl MdbPsdRepPode,,2391935-43
Sim,P,NOVO,37901.0,2391935-43
Sim,B,Bl UniPpFdrPsdbCid...,,2391935-43
Sim,B,Maioria,,2391935-43
Liberado,B,Fdr PSOL-REDE,,2391935-43
Não,P,NOVO,37901.0,2415411-9
Liberado,B,Minoria,,2415411-9
Sim,P,PL,37906.0,2415411-9
Liberado,P,PSB,36832.0,2415411-9
Não,B,Fdr PSOL-REDE,,2415411-9
Liberado,B,Oposição,,2415411-9
Sim,B,Fdr PT-PCdoB-PV,,2415411-9
,B,Maioria,,2415411-9
Sim,B,Bl UniPpFdrPsdbCid...,,2415411-9
,B,Governo,,2415411-9
,B,Bl MdbPsdRepPode,,2415411-9
Sim,B,Maioria,,2394478-15
Sim,B,Fdr PSOL-REDE,,2394478-15
Sim,B,Bl MdbPsdRepPode,,2394478-15
Sim,P,NOVO,37901.0,2394478-15
Sim,B,Minoria,,2394478-15
Sim,B,Fdr PT-PCdoB-PV,,2394478-15
Sim,B,Bl UniPpFdrPsdbCid...,,2394478-15
Sim,P,PL,37906.0,2394478-15
Sim,B,Governo,,2394478-15
Sim,B,Oposição,,2394478-15
Sim,B,Bl UniPpFdrPsdbCid...,,2479094-8
Sim,B,Bl MdbPsdRepPode,,2479094-8
Sim,B,Fdr PT-PCdoB-PV,,2479094-8
,P,PSB,36832.0,2479094-8
Sim,P,PL,37906.0,2479094-8
Não,P,NOVO,37901.0,2479094-8
Sim,B,Governo,,2479094-8
Liberado,B,Minoria,,2479094-8
Sim,B,Fdr PSOL-REDE,,2479094-8
Sim,B,Maioria,,2479094-8
Liberado,B,Oposição,,2479094-8
Sim,B,Bl UniPpFdrPsdbCid...,,2403068-11
Sim,B,Maioria,,2403068-11
Não,P,PL,37906.0,2403068-11
Sim,P,PSB,36832.0,2403068-11
,B,Governo,,2403068-11
Não,P,NOVO,37901.0,2403068-11
Sim,B,Fdr PT-PCdoB-PV,,2403068-11
Não,B,Minoria,,2403068-11
Sim,B,Bl MdbPsdRepPode,,2403068-11
Não,B,Oposição,,2403068-11
Sim,B,Fdr PSOL-REDE,,2403068-11
Não,B,Fdr PT-PCdoB-PV,,2395883-58
Sim,P,PL,37906.0,2395883-58
Sim,B,Minoria,,2395883-58
,B,Maioria,,2395883-58
Sim,B,Bl MdbPsdRepPode,,2395883-58
Não,B,Fdr PSOL-REDE,,2395883-58
Sim,P,NOVO,37901.0,2395883-58
Sim,B,Oposição,,2395883-58
,B,Governo,,2395883-58
Sim,B,Bl UniPpFdrPsdbCid...,,2395883-58
Sim,B,Bl UniPpFdrPsdbCid...,,2395883-53
Sim,B,Bl MdbPsdRepPode,,2395883-53
Sim,B,Maioria,,2395883-53
Sim,B,Oposição,,2395883-53
Sim,P,PL,37906.0,2395883-53
Não,B,Fdr PT-PCdoB-PV,,2395883-53
Não,B,Fdr PSOL-REDE,,2395883-53
Sim,B,Governo,,2395883-53
Sim,B,Minoria,,2395883-53
Sim,P,NOVO,37901.0,2395883-53
Não,B,Oposição,,2396155-24
Não,P,PL,37906.0,2396155-24
Não,B,Minoria,,2396155-24
Sim,B,Oposição,,2397890-55
Sim,B,Bl PlFdrPTUniPp...,,2397890-55
Sim,B,Minoria,,2397890-55
Sim,B,Maioria,,2397890-55
Sim,B,Governo,,2397890-55
Sim,P,NOVO,37901.0,2397890-55
Sim,B,Fdr PSOL-REDE,,2397890-55
Não,B,Bl PlFdrPTUniPp...,,2397890-54
Não,B,Minoria,,2397890-54
Não,B,Oposição,,2397890-54
Não,P,NOVO,37901.0,2397890-54
Não,B,Governo,,2397890-54
Sim,B,Fdr PSOL-REDE,,2397890-54
Não,B,Maioria,,2397890-54
,B,Governo,,2397925-25
Não,P,NOVO,37901.0,2397925-25
,B,Maioria,,2397925-25
,B,Minoria,,2397925-25
Sim,B,Bl MdbPsdRepPode,,2397925-25
Sim,B,Fdr PSOL-REDE,,2397925-25
Liberado,B,Oposição,,2397925-25
Sim,B,Bl UniPpFdrPsdbCid...,,2397925-25
Sim,P,PL,37906.0,2397925-25
Sim,B,Fdr PT-PCdoB-PV,,2397925-25
Sim,P,NOVO,37901.0,2397925-16
,B,Minoria,,2397925-16
Não,B,Fdr PSOL-REDE,,2397925-16
Sim,B,Oposição,,2397925-16
Não,B,Governo,,2397925-16
Não,B,Bl UniPpFdrPsdbCid...,,2397925-16
Sim,P,PL,37906.0,2397925-16
Não,B,Bl MdbPsdRepPode,,2397925-16
,B,Maioria,,2397925-16
Não,B,Fdr PT-PCdoB-PV,,2397925-16
Não,B,Minoria,,2398741-64
Liberado,P,PL,37906.0,2398741-64
Sim,B,Bl UniPpFdrPsdbCid...,,2398741-64
Sim,B,Maioria,,2398741-64
Sim,B,Bl MdbPsdRepPode,,2398741-64
Sim,B,Fdr PSOL-REDE,,2398741-64
Não,B,Oposição,,2398741-64
Sim,B,Governo,,2398741-64
Sim,B,Fdr PT-PCdoB-PV,,2398741-64
Não,P,NOVO,37901.0,2398741-64
,B,Oposição,,2399598-108
,B,Maioria,,2399598-108
Não,P,NOVO,37901.0,2399598-108
Não,P,PL,37906.0,2399598-108
Sim,P,PSB,36832.0,2399598-108
Sim,B,Fdr PSOL-REDE,,2399598-108
Não,B,Bl UniPpFdrPsdbCid...,,2399598-108
Não,B,Minoria,,2399598-108
Não,B,Bl MdbPsdRepPode,,2399598-108
Sim,B,Fdr PT-PCdoB-PV,,2399598-108
Não,B,Governo,,2399598-108
Sim,B,Bl MdbPsdRepPode,,2399598-70
Não,P,PL,37906.0,2399598-70
Sim,B,Maioria,,2399598-70
Sim,P,PSB,36832.0,2399598-70
Sim,B,Bl UniPpFdrPsdbCid...,,2399598-70
Sim,B,Governo,,2399598-70
Sim,B,Fdr PSOL-REDE,,2399598-70
Não,B,Minoria,,2399598-70
Sim,P,NOVO,37901.0,2399598-70
Sim,B,Fdr PT-PCdoB-PV,,2399598-70
Não,B,Oposição,,2399598-70
Sim,B,Fdr PSOL-REDE,,2447901-6
Não,P,NOVO,37901.0,2447901-6
Sim,P,PSB,36832.0,2447901-6
Não,P,PL,37906.0,2447901-6
Sim,B,Fdr PT-PCdoB-PV,,2447901-6
Não,B,Governo,,2447901-6
Não,B,Minoria,,2447901-6
,B,Maioria,,2447901-6
,B,Oposição,,2447901-6
Não,B,Bl UniPpFdrPsdbCid...,,2447901-6
Não,B,Bl MdbPsdRepPode,,2447901-6
Sim,B,Oposição,,2399598-112
Sim,B,Maioria,,2399598-112
Sim,P,PSB,36832.0,2399598-112
Sim,B,Minoria,,2399598-112
Sim,B,Bl UniPpFdrPsdbCid...,,2399598-112
Sim,B,Governo,,2399598-112
Sim,B,Bl MdbPsdRepPode,,2399598-112
Sim,B,Fdr PSOL-REDE,,2399598-112
Sim,P,PL,37906.0,2399598-112
Sim,B,Fdr PT-PCdoB-PV,,2399598-112
Sim,P,NOVO,37901.0,2399598-112
Liberado,B,Maioria,,2412712-8
Sim,B,Bl MdbPsdRepPode,,2412712-8
Não,B,Fdr PSOL-REDE,,2412712-8
Não,B,Fdr PT-PCdoB-PV,,2412712-8
Sim,B,Minoria,,2412712-8
Sim,B,Oposição,,2412712-8
Sim,P,PL,37906.0,2412712-8
Sim,P,NOVO,37901.0,2412712-8
Sim,B,Governo,,2412712-8
Sim,B,Bl UniPpFdrPsdbCid...,,2412712-8
Não,B,Maioria,,2400068-23
Sim,P,PL,37906.0,2400068-23
Não,B,Fdr PSOL-REDE,,2400068-23
Não,B,Bl UniPpFdrPsdbCid...,,2400068-23
Sim,P,NOVO,37901.0,2400068-23
Não,B,Governo,,2400068-23
Sim,B,Oposição,,2400068-23
Sim,B,Minoria,,2400068-23
Liberado,B,Bl MdbPsdRepPode,,2400068-23
Não,B,Fdr PT-PCdoB-PV,,2400068-23
Não,B,Bl UniPpFdrPsdbCid...,,2400068-20
Liberado,B,Bl MdbPsdRepPode,,2400068-20
Sim,P,NOVO,37901.0,2400068-20
Sim,P,PL,37906.0,2400068-20
Não,B,Fdr PSOL-REDE,,2400068-20
Não,B,Fdr PT-PCdoB-PV,,2400068-20
Não,B,Maioria,,2400068-20
Não,B,Governo,,2400068-20
Sim,B,Oposição,,2400068-20
Sim,B,Minoria,,2400068-20
Não,P,NOVO,37901.0,2400118-7
Sim,B,Bl UniPpFdrPsdbCid...,,2400118-7
Liberado,B,Minoria,,2400118-7
Sim,B,Bl MdbPsdRepPode,,2400118-7
Sim,B,Governo,,2400118-7
Sim,B,Fdr PSOL-REDE,,2400118-7
Sim,P,PL,37906.0,2400118-7
Liberado,B,Oposição,,2400118-7
Sim,B,Fdr PT-PCdoB-PV,,2400118-7
Sim,B,Maioria,,2400118-7
,B,Bl MdbPsdRepPode,,2400115-8
Sim,B,Fdr PT-PCdoB-PV,,2400115-8
Liberado,B,Minoria,,2400115-8
Sim,B,Governo,,2400115-8
Sim,B,Fdr PSOL-REDE,,2400115-8
Não,P,NOVO,37901.0,2400115-8
Liberado,B,Oposição,,2400115-8
Sim,B,Bl UniPpFdrPsdbCid...,,2400115-8
Sim,B,Maioria,,2400115-8
Liberado,P,PL,37906.0,2400115-8
Sim,B,Governo,,2400758-62
Não,P,NOVO,37901.0,2400758-62
Sim,B,Maioria,,2400758-62
Sim,B,Bl UniPpFdrPsdbCid...,,2400758-62
Não,P,PL,37906.0,2400758-62
Sim,B,Bl MdbPsdRepPode,,2400758-62
Não,B,Oposição,,2400758-62
Sim,P,PSB,36832.0,2400758-62
Não,B,Minoria,,2400758-62
Sim,B,Fdr PT-PCdoB-PV,,2400758-62
Sim,B,Fdr PSOL-REDE,,2400758-62
Sim,B,Oposição,,2400758-37
Sim,B,Minoria,,2400758-37
Sim,P,PL,37906.0,2400758-37
Não,B,Fdr PT-PCdoB-PV,,2400758-37
,B,Fdr PSOL-REDE,,2400758-37
Não,P,PSB,36832.0,2400758-37
Sim,P,NOVO,37901.0,2400758-37
Não,B,Maioria,,2400758-37
Não,B,Bl UniPpFdrPsdbCid...,,2400758-37
Não,B,Bl MdbPsdRepPode,,2400758-37
Não,B,Governo,,2400758-37
Sim,P,PSB,36832.0,2421859-9
Sim,B,Bl UniPpFdrPsdbCid...,,2421859-9
Não,P,NOVO,37901.0,2421859-9
Sim,B,Governo,,2421859-9
Sim,B,Bl MdbPsdRepPode,,2421859-9
Não,P,PL,37906.0,2421859-9
Sim,B,Fdr PT-PCdoB-PV,,2421859-9
Não,B,Minoria,,2421859-9
Sim,B,Fdr PSOL-REDE,,2421859-9
Não,B,Oposição,,2421859-9
Sim,B,Maioria,,2421859-9
