id_votacao,sigla_partido,orientacao
593065-305,Oposição,Sim
593065-305,PSC,Não
593065-305,PSOL,Obstrução
593065-305,REPUBLICANOS,Não
593065-305,PL,Não
593065-305,SOLIDARIEDADE,Não
593065-305,PV,Sim
593065-305,AVANTE,Não
593065-305,PATRIOTA,Não
593065-305,NOVO,Não
593065-305,PTB,Não
593065-305,PP,Não
593065-305,CIDADANIA,Não
593065-305,PODE,Não
593065-305,PSD,Não
593065-305,PROS,Não
593065-305,PCdoB,Obstrução
593065-305,MDB,Não
593065-305,PT,Obstrução
593065-305,PSB,Sim
593065-305,PSDB,Não
593065-305,Governo,Não
593065-305,PDT,Sim
593065-305,Minoria,Sim
593065-305,DEM,Não
593065-305,PSL,Não
593065-305,REDE,Sim
593065-305,Maioria,Não
593065-277,Governo,Não
593065-277,CIDADANIA,Não
593065-277,PL,Não
593065-277,PSDB,Não
593065-277,PROS,Não
593065-277,PSL,Não
593065-277,PSB,Sim
593065-277,REPUBLICANOS,Não
593065-277,PDT,Sim
593065-277,Oposição,Sim
593065-277,PP,Não
593065-277,PTB,Não
593065-277,Minoria,Sim
593065-277,PSC,Não
593065-277,PSOL,Sim
593065-277,PSD,Não
593065-277,DEM,Não
593065-277,PT,Sim
593065-277,AVANTE,Não
593065-277,PODE,Não
593065-277,MDB,Sim
593065-277,Maioria,Não
593065-277,REDE,Sim
593065-277,PATRIOTA,Não
593065-277,SOLIDARIEDADE,Não
593065-277,NOVO,Não
593065-272,PSDB,Sim
593065-272,PATRIOTA,Sim
593065-272,PTB,Sim
593065-272,PP,Sim
593065-272,PT,Não
593065-272,PCdoB,Não
593065-272,PODE,Sim
593065-272,DEM,Sim
593065-272,PSC,Sim
593065-272,REPUBLICANOS,Sim
593065-272,PROS,Sim
593065-272,PV,Sim
593065-272,PSB,Não
593065-272,PSL,Sim
593065-272,PL,Sim
593065-272,NOVO,Sim
593065-272,REDE,Não
593065-272,PSOL,Não
593065-272,MDB,Não
593065-272,Minoria,Não
593065-272,SOLIDARIEDADE,Sim
593065-272,PSD,Sim
593065-272,Oposição,Não
593065-272,PDT,Não
593065-272,Maioria,Sim
593065-272,CIDADANIA,Sim
593065-272,AVANTE,Sim
593065-272,Governo,Sim
593065-285,NOVO,Não
593065-285,SOLIDARIEDADE,Não
593065-285,PP,Não
593065-285,Maioria,Não
593065-285,MDB,Sim
593065-285,Governo,Não
593065-285,PATRIOTA,Não
593065-285,DEM,Não
593065-285,PROS,Não
593065-285,PSB,Sim
593065-285,PSD,Não
593065-285,Minoria,Sim
593065-285,PV,Não
593065-285,PTB,Não
593065-285,PL,Não
593065-285,AVANTE,Não
593065-285,PODE,Não
593065-285,Oposição,Sim
593065-285,PSOL,Sim
593065-285,PSL,Não
593065-285,REPUBLICANOS,Não
593065-285,PSDB,Não
593065-285,PT,Sim
593065-285,CIDADANIA,Não
593065-285,PDT,Sim
593065-285,REDE,Sim
593065-285,PSC,Não
593065-280,PTB,Sim
593065-280,PP,Sim
593065-280,Maioria,Sim
593065-280,Minoria,Não
593065-280,SOLIDARIEDADE,Sim
593065-280,PDT,Não
593065-280,PSB,Não
593065-280,Oposição,Não
593065-280,PSOL,Não
593065-280,REPUBLICANOS,Sim
593065-280,AVANTE,Sim
593065-280,PSC,Sim
593065-280,PL,Sim
593065-280,CIDADANIA,Sim
593065-280,PT,Não
593065-280,DEM,Sim
593065-280,REDE,Não
593065-280,PODE,Sim
593065-280,PROS,Sim
593065-280,PCdoB,Não
593065-280,NOVO,Sim
593065-280,Governo,Sim
593065-280,PATRIOTA,Sim
593065-280,PSD,Sim
593065-280,MDB,Não
593065-280,PV,Sim
593065-280,PSL,Sim
593065-280,PSDB,Sim
593065-291,NOVO,Não
593065-291,Oposição,Sim
593065-291,PTB,Não
593065-291,Maioria,Não
593065-291,PP,Não
593065-291,REPUBLICANOS,Não
593065-291,PSL,Não
593065-291,PSOL,Sim
593065-291,PATRIOTA,Não
593065-291,DEM,Não
593065-291,PDT,Sim
593065-291,PROS,Não
593065-291,PSC,Não
593065-291,PSDB,Não
593065-291,PCdoB,Sim
593065-291,MDB,Não
593065-291,AVANTE,Não
593065-291,PSD,Não
593065-291,PL,Não
593065-291,PT,Sim
593065-291,REDE,Sim
593065-291,PV,Sim
593065-291,Governo,Não
593065-291,PSB,Sim
593065-291,Minoria,Sim
593065-291,SOLIDARIEDADE,Não
593065-291,PODE,Não
593065-291,CIDADANIA,Não
593065-141,PV,Sim
593065-141,REPUBLICANOS,Não
593065-141,PL,Não
593065-141,PSL,Não
593065-141,PSDB,Não
593065-141,DEM,Não
593065-141,AVANTE,Não
593065-141,PROS,Não
593065-141,PT,Sim
593065-141,MDB,Não
593065-141,PDT,Sim
593065-141,PSC,Não
593065-141,PTB,Não
593065-141,CIDADANIA,Não
593065-141,REDE,Sim
593065-141,PSOL,Sim
593065-141,PCdoB,Sim
593065-141,PODE,Não
593065-141,Governo,Não
593065-141,Minoria,Sim
593065-141,PP,Não
593065-141,PSB,Sim
593065-141,SOLIDARIEDADE,Não
593065-141,NOVO,Não
593065-141,PSD,Não
593065-263,REDE,Sim
593065-263,PATRIOTA,Não
593065-263,MDB,Sim
593065-263,PSC,Não
593065-263,Governo,Não
593065-263,SOLIDARIEDADE,Não
593065-263,CIDADANIA,Não
593065-263,AVANTE,Não
593065-263,Minoria,Sim
593065-263,PSOL,Sim
593065-263,PSDB,Não
593065-263,PCdoB,Sim
593065-263,DEM,Não
593065-263,PSB,Sim
593065-263,Oposição,Sim
593065-263,Maioria,Não
593065-263,PSD,Não
593065-263,PDT,Sim
593065-263,PL,Não
593065-263,NOVO,Não
593065-263,PSL,Não
593065-263,PP,Não
593065-263,PROS,Não
593065-263,PT,Sim
593065-263,REPUBLICANOS,Não
593065-263,PTB,Não
593065-263,PODE,Não
593065-189,CIDADANIA,Não
593065-189,REPUBLICANOS,Não
593065-189,PODE,Não
593065-189,Minoria,Sim
593065-189,PROS,Não
593065-189,NOVO,Não
593065-189,PSDB,Não
593065-189,PTB,Não
593065-189,DEM,Não
593065-189,PT,Sim
593065-189,MDB,Não
593065-189,SOLIDARIEDADE,Não
593065-189,Governo,Não
593065-189,PSOL,Sim
593065-189,PSB,Sim
593065-189,PCdoB,Sim
593065-189,PSL,Não
593065-189,PP,Não
593065-189,PL,Não
593065-189,PV,Não
593065-189,PSD,Não
593065-189,PDT,Sim
593065-267,Maioria,Não
593065-267,PSB,Sim
593065-267,PSD,Não
593065-267,Governo,Não
593065-267,SOLIDARIEDADE,Não
593065-267,DEM,Não
593065-267,Oposição,Sim
593065-267,MDB,Sim
593065-267,REDE,Sim
593065-267,PTB,Não
593065-267,PSDB,Não
593065-267,PSL,Não
593065-267,PV,Não
593065-267,PL,Não
593065-267,PCdoB,Sim
593065-267,PROS,Não
593065-267,CIDADANIA,Não
593065-267,PATRIOTA,Não
593065-267,Minoria,Sim
593065-267,PT,Sim
593065-267,PP,Não
593065-267,AVANTE,Não
593065-267,REPUBLICANOS,Não
593065-267,PSC,Não
593065-267,PODE,Não
593065-267,PDT,Sim
593065-267,PSOL,Sim
593065-267,NOVO,Não
2230248-6,AVANTE,Sim
2230248-6,PP,Sim
2230248-6,NOVO,Sim
2230248-6,PSDB,Sim
2230248-6,PSB,Não
2230248-6,PDT,Não
2230248-6,PSD,Sim
2230248-6,PSOL,Não
2230248-6,CIDADANIA,Sim
2230248-6,REPUBLICANOS,Sim
2230248-6,DEM,Sim
2230248-6,PODE,Sim
2230248-6,PT,Não
2230248-6,PSL,Sim
2230248-6,PV,Sim
2230248-6,Governo,Sim
2230248-6,PL,Sim
2230248-6,SOLIDARIEDADE,Sim
2230248-6,PCdoB,Não
2230248-6,Oposição,Não
2230248-6,REDE,Não
2230248-6,Minoria,Não
593065-178,REPUBLICANOS,Sim
593065-178,PODE,Sim
593065-178,SOLIDARIEDADE,Sim
593065-178,NOVO,Sim
593065-178,PSL,Sim
593065-178,PDT,Não
593065-178,PSDB,Sim
593065-178,PROS,Sim
593065-178,Minoria,Não
593065-178,PTB,Sim
593065-178,PL,Sim
593065-178,DEM,Sim
593065-178,PSOL,Não
593065-178,PSD,Sim
593065-178,MDB,Sim
593065-178,PT,Não
593065-178,PP,Sim
593065-178,Oposição,Não
593065-178,PSB,Não
593065-178,CIDADANIA,Sim
593065-178,PCdoB,Não
593065-178,Governo,Sim
593065-178,PV,Sim
593065-172,PDT,Sim
593065-172,PL,Não
593065-172,PSOL,Sim
593065-172,PSDB,Não
593065-172,Governo,Não
593065-172,SOLIDARIEDADE,Não
593065-172,Minoria,Sim
593065-172,PP,Não
593065-172,DEM,Não
593065-172,PSD,Não
593065-172,NOVO,Não
593065-172,PTB,Não
593065-172,PROS,Não
593065-172,PV,Não
593065-172,REDE,Sim
593065-172,PSB,Sim
593065-172,CIDADANIA,Não
593065-172,MDB,Não
593065-172,PCdoB,Sim
593065-172,PODE,Não
593065-172,PT,Sim
593065-172,PSL,Não
593065-172,REPUBLICANOS,Não
593065-252,PDT,Sim
593065-252,PCdoB,Sim
593065-252,PSB,Sim
593065-252,Governo,Não
593065-252,MDB,Sim
593065-252,PSOL,Sim
593065-252,Oposição,Sim
593065-252,PATRIOTA,Não
593065-252,AVANTE,Não
593065-252,Minoria,Sim
593065-252,PT,Sim
593065-252,CIDADANIA,Não
593065-252,PSDB,Não
593065-252,NOVO,Não
593065-252,PSC,Não
593065-252,REDE,Sim
593065-252,SOLIDARIEDADE,Não
593065-252,PP,Não
593065-252,PODE,Não
593065-252,Maioria,Não
593065-252,DEM,Não
593065-252,PTB,Não
593065-252,PSL,Não
593065-252,REPUBLICANOS,Não
593065-252,PSD,Não
593065-252,PROS,Não
593065-252,PV,Não
593065-252,PL,Não
2236261-56,PSL,Não
2236261-56,PCdoB,Sim
2236261-56,PT,Sim
2236261-56,PSDB,Não
2236261-56,Governo,Não
2236261-56,MDB,Não
2236261-56,PSD,Não
2236261-56,DEM,Não
2236261-56,REDE,Sim
2236261-56,PP,Não
2236261-56,PDT,Sim
2236261-56,PROS,Não
2236261-56,Maioria,Não
2236261-56,SOLIDARIEDADE,Não
2236261-56,PATRIOTA,Não
2236261-56,PSOL,Sim
2236261-56,Minoria,Sim
2236261-56,PL,Não
2236261-56,AVANTE,Não
2236261-56,PTB,Não
2236261-56,REPUBLICANOS,Não
2236261-56,PSB,Sim
2236261-56,NOVO,Não
2236261-46,NOVO,Não
2236261-46,REDE,Sim
2236261-46,CIDADANIA,Não
2236261-46,Governo,Não
2236261-46,PT,Sim
2236261-46,PSL,Não
2236261-46,REPUBLICANOS,Não
2236261-46,PSDB,Não
2236261-46,PSOL,Sim
2236261-46,DEM,Não
2236261-46,SOLIDARIEDADE,Sim
2236261-46,Minoria,Sim
2236261-46,PROS,Não
2236261-46,PTB,Não
2236261-46,PP,Não
2236261-46,PDT,Sim
2236261-46,PSD,Não
2236261-46,PCdoB,Sim
2236261-46,Maioria,Não
2236261-46,PODE,Não
2236261-46,MDB,Não
2236261-46,PSB,Sim
2236261-46,PL,Não
2236291-85,Maioria,Sim
2236291-85,Oposição,Não
2236291-85,Governo,Sim
2236291-85,PSB,Sim
2236291-85,Bl UniPpFdrPsdbCid...,Sim
2236291-85,Bl MdbPsdRepPode,Sim
2236291-85,Fdr PSOL-REDE,Sim
2236291-85,PL,Não
2236291-85,NOVO,Não
2236291-85,Minoria,Não
2236291-85,Fdr PT-PCdoB-PV,Sim
2236340-105,PODE,Sim
2236340-105,REDE,Sim
2236340-105,DEM,Sim
2236340-105,PSD,Sim
2236340-105,REPUBLICANOS,Sim
2236340-105,PSB,Sim
2236340-105,PATRIOTA,Sim
2236340-105,PSDB,Sim
2236340-105,PSL,Sim
2236340-105,PROS,Sim
2236340-105,Oposição,
2236340-105,SOLIDARIEDADE,Sim
2236340-105,PDT,Sim
2236340-105,Maioria,Sim
2236340-105,Governo,Sim
2236340-105,NOVO,Sim
2236340-105,PV,
2236340-105,CIDADANIA,Sim
2236340-105,AVANTE,Sim
2236340-105,PSC,Sim
2236340-105,PT,Sim
2236340-105,MDB,Sim
2236340-105,PL,Sim
2236340-105,PSOL,Não
2236340-105,PTB,Sim
2236340-105,PCdoB,Sim
2236340-105,Minoria,
2236340-105,PP,Sim
2236340-80,Oposição,
2236340-80,Maioria,Não
2236340-80,PSOL,Sim
2236340-80,PT,Sim
2236340-80,PP,Não
2236340-80,PSD,Não
2236340-80,PSDB,Não
2236340-80,PCdoB,
2236340-80,CIDADANIA,Não
2236340-80,MDB,
2236340-80,NOVO,Não
2236340-80,Governo,
2236340-80,PTB,Não
2236340-80,AVANTE,Não
2236340-80,REDE,
2236340-80,PDT,Não
2236340-80,PL,Não
2236340-80,PSB,Não
2236340-80,PODE,Não
2236340-80,SOLIDARIEDADE,
2236340-80,PV,Não
2236340-80,DEM,Não
2236340-80,PSL,Não
2236340-80,REPUBLICANOS,Não
2236340-80,Minoria,
2236340-80,PROS,Não
2236340-80,PSC,Não
2236340-80,PATRIOTA,Não
2236326-19,PV,Liberado
2236326-19,PL,Sim
2236326-19,PSC,Liberado
2236326-19,SOLIDARIEDADE,Sim
2236326-19,DEM,Sim
2236326-19,REPUBLICANOS,Sim
2236326-19,CIDADANIA,Não
2236326-19,PSOL,Não
2236326-19,PpMdbPtb,Sim
2236326-19,PSD,Liberado
2236326-19,PDT,Sim
2236326-19,NOVO,Não
2236326-19,PT,Sim
2236326-19,PODE,Liberado
2236326-19,PSL,Não
2236326-19,PSB,Liberado
2236340-89,PTB,Não
2236340-89,Governo,Não
2236340-89,PDT,Não
2236340-89,PROS,Não
2236340-89,PV,Não
2236340-89,MDB,Não
2236340-89,SOLIDARIEDADE,Não
2236340-89,PSOL,Sim
2236340-89,Oposição,
2236340-89,PL,Não
2236340-89,DEM,Não
2236340-89,PSC,Não
2236340-89,Maioria,Não
2236340-89,PATRIOTA,Não
2236340-89,REPUBLICANOS,Não
2236340-89,AVANTE,Não
2236340-89,NOVO,Não
2236340-89,PSB,Sim
2236340-89,Minoria,
2236340-89,PSDB,Não
2236340-89,PP,Não
2236340-89,CIDADANIA,Não
2236340-89,REDE,
2236340-89,PCdoB,Sim
2236340-89,PT,Sim
2236340-89,PSD,Não
2236340-89,PODE,Não
2236340-89,PSL,Não
2236340-109,REDE,
2236340-109,PSD,Não
2236340-109,PV,
2236340-109,PROS,Não
2236340-109,PP,Não
2236340-109,PATRIOTA,Não
2236340-109,Maioria,Não
2236340-109,PL,Não
2236340-109,PSOL,
2236340-109,PTB,Não
2236340-109,PODE,Não
2236340-109,Governo,Não
2236340-109,SOLIDARIEDADE,
2236340-109,Minoria,
2236340-109,PDT,Sim
2236340-109,CIDADANIA,
2236340-109,MDB,Não
2236340-109,AVANTE,Não
2236340-109,DEM,Não
2236340-109,PSL,Não
2236340-109,REPUBLICANOS,Não
2236340-109,PCdoB,Sim
2236340-109,NOVO,Não
2236340-109,PSDB,Não
2236340-109,Oposição,
2236340-109,PSB,Sim
2236340-109,PT,Sim
2236340-109,PSC,Não
2236340-116,PCdoB,Sim
2236340-116,PROS,
2236340-116,PTB,
2236340-116,PSDB,Não
2236340-116,PP,Não
2236340-116,DEM,Não
2236340-116,PSB,Sim
2236340-116,NOVO,Não
2236340-116,CIDADANIA,
2236340-116,PDT,Sim
2236340-116,PT,Sim
2236340-116,PODE,Não
2236340-116,REPUBLICANOS,Não
2236340-116,PSL,Não
2236340-116,PATRIOTA,Não
2236340-116,Governo,Não
2236340-116,PSOL,Sim
2236340-116,Maioria,Não
2236340-116,Oposição,
2236340-116,PV,
2236340-116,SOLIDARIEDADE,Não
2236340-116,AVANTE,Não
2236340-116,PSD,Não
2236340-116,PL,Não
2236340-116,Minoria,
2236340-116,MDB,Não
2236340-116,PSC,
2236340-116,REDE,Sim
2284777-7,Minoria,Sim
2284777-7,Maioria,
2284777-7,PODE,Sim
2284777-7,NOVO,Sim
2284777-7,PSL,Sim
2284777-7,PV,
2284777-7,PSB,Sim
2284777-7,PT,Sim
2284777-7,MDB,
2284777-7,PROS,
2284777-7,PATRIOTA,Sim
2284777-7,REDE,
2284777-7,CIDADANIA,
2284777-7,PTB,
2284777-7,PP,Sim
2284777-7,PSC,
2284777-7,PSDB,Sim
2284777-7,Oposição,
2284777-7,DEM,Sim
2284777-7,PL,Sim
2284777-7,PDT,Sim
2284777-7,AVANTE,Sim
2284777-7,PSOL,Sim
2284777-7,REPUBLICANOS,Sim
2284777-7,Governo,Sim
2284777-7,PSD,Sim
2284777-7,PCdoB,
2284777-7,SOLIDARIEDADE,Sim
2236388-26,PSD,Não
2236388-26,Governo,Não
2236388-26,NOVO,Não
2236388-26,PSL,Não
2236388-26,DEM,Sim
2236326-12,AVANTE,Sim
2236326-12,PROS,Sim
2236326-12,PSC,Sim
2236326-12,Minoria,Sim
2236326-12,PSDB,Sim
2236326-12,SOLIDARIEDADE,Sim
2236326-12,REPUBLICANOS,Sim
2236326-12,PT,Sim
2236326-12,DEM,Sim
2236326-12,PpMdbPtb,Sim
2236326-12,PSD,Sim
2236326-12,NOVO,Sim
2236326-12,PSOL,Obstrução
2236326-12,PODE,Sim
2236326-12,PSB,Sim
2236326-12,CIDADANIA,Sim
2236326-12,PDT,Sim
2236326-12,PV,Sim
2236326-12,PL,Sim
2236326-12,PSL,Sim
2236326-12,Maioria,Sim
2236326-12,PCdoB,Sim
2317406-8,Governo,Sim
2317406-8,PATRIOTA,
2317406-8,PL,Sim
2317406-8,PSOL,Não
2317406-8,PSD,Sim
2317406-8,PscPtb,
2317406-8,MDB,Liberado
2317406-8,Minoria,Não
2317406-8,Maioria,Sim
2317406-8,Oposição,Não
2317406-8,SOLIDARIEDADE,Sim
2317406-8,PROS,
2317406-8,PT,Não
2317406-8,PODE,
2317406-8,NovoCidPv,Sim
2317406-8,PDT,Não
2317406-8,PCdoB,Não
2317406-8,REPUBLICANOS,Sim
2317406-8,AVANTE,
2317406-8,REDE,Não
2317406-8,PSDB,Sim
2317406-8,UNIÃO,Sim
2317406-8,PP,Sim
2317406-8,PSB,Não
2236607-77,AVANTE,Sim
2236607-77,SOLIDARIEDADE,Sim
2236607-77,PTB,Sim
2236607-77,Oposição,Sim
2236607-77,Minoria,
2236607-77,PSB,Sim
2236607-77,PODE,
2236607-77,MDB,Sim
2236607-77,REPUBLICANOS,Sim
2236607-77,PSL,Sim
2236607-77,PDT,Sim
2236607-77,PP,Sim
2236607-77,CIDADANIA,Sim
2236607-77,PV,
2236607-77,REDE,Sim
2236607-77,Governo,Sim
2236607-77,PATRIOTA,
2236607-77,Maioria,
2236607-77,NOVO,Não
2236607-77,PSOL,Sim
2236607-77,PSDB,Sim
2236607-77,PL,Sim
2236607-77,PSD,Sim
2236607-77,PSC,Sim
2236607-77,PT,Sim
2236607-77,PROS,Sim
2236607-77,PCdoB,Sim
2236607-77,DEM,
2237076-33,NOVO,Sim
2237076-33,PSD,Sim
2237076-33,CIDADANIA,Sim
2237076-33,PSOL,Sim
2237076-33,PT,Sim
2237076-33,PCdoB,Sim
2237076-33,PP,Sim
2237076-33,PSL,Não
2237076-33,REPUBLICANOS,Sim
2237331-53,PTB,Sim
2237331-53,PDT,Sim
2237331-53,MDB,Sim
2237331-53,PSD,Sim
2237331-53,Minoria,Sim
2237331-53,AVANTE,Sim
2237331-53,PCdoB,Sim
2237331-53,Oposição,Sim
2237331-53,PODE,Sim
2237331-53,PT,Sim
2237331-53,PSB,Sim
2237331-53,Maioria,Sim
2237331-53,REDE,Sim
2237331-53,Governo,Sim
2237331-53,PSC,Sim
2237331-53,PP,Sim
2237331-53,NOVO,Sim
2237331-53,PSDB,Sim
2237331-53,PSOL,Sim
2237331-53,PSL,Sim
2237331-53,PV,Sim
2237331-53,PATRIOTA,Sim
2237331-53,DEM,Sim
2237331-53,PL,Sim
2237331-53,PROS,Sim
2237331-53,SOLIDARIEDADE,Sim
2237331-53,CIDADANIA,Sim
2237331-53,REPUBLICANOS,Sim
2237876-177,PSOL,Sim
2237876-177,SOLIDARIEDADE,Não
2237876-177,PATRIOTA,Não
2237876-177,Minoria,Sim
2237876-177,PscPtb,Não
2237876-177,PSD,Não
2237876-177,PL,Não
2237876-177,PDT,Sim
2237876-177,Oposição,Sim
2237876-177,Maioria,Não
2237876-177,UNIÃO,Não
2237876-177,PSB,Sim
2237876-177,MDB,Obstrução
2237876-177,PT,Sim
2237876-177,Governo,Não
2237876-177,PSDB,Não
2237876-177,PCdoB,
2237876-177,REDE,Sim
2237876-177,REPUBLICANOS,Não
2237876-177,NovoCidPv,Sim
2237876-177,PROS,Não
2237876-177,AVANTE,Não
2237876-177,PODE,Não
2237876-177,PP,Não
2237876-176,Maioria,Sim
2237876-176,PDT,Sim
2237876-176,Minoria,Sim
2237876-176,PATRIOTA,Sim
2237876-176,REDE,Sim
2237876-176,PscPtb,Sim
2237876-176,PROS,Sim
2237876-176,Governo,Sim
2237876-176,PSB,Sim
2237876-176,SOLIDARIEDADE,Sim
2237876-176,AVANTE,Sim
2237876-176,PSD,Sim
2237876-176,PP,Sim
2237876-176,PL,Sim
2237876-176,PSDB,Sim
2237876-176,PSOL,Sim
2237876-176,UNIÃO,Sim
2237876-176,NovoCidPv,Sim
2237876-176,PT,Sim
2237876-176,REPUBLICANOS,Sim
2237876-176,MDB,Sim
2237876-176,PODE,Sim
2237876-176,Oposição,Sim
2237876-176,PCdoB,
2237876-171,PODE,Não
2237876-171,REDE,Obstrução
2237876-171,PSB,Obstrução
2237876-171,Minoria,Obstrução
2237876-171,Governo,Não
2237876-171,SOLIDARIEDADE,Não
2237876-171,PSDB,
2237876-171,UNIÃO,Não
2237876-171,Oposição,Obstrução
2237876-171,MDB,Obstrução
2237876-171,REPUBLICANOS,Não
2237876-171,PATRIOTA,Não
2237876-171,PCdoB,Obstrução
2237876-171,PscPtb,Não
2237876-171,NovoCidPv,Obstrução
2237876-171,PP,Não
2237876-171,PROS,Não
2237876-171,PL,Não
2237876-171,PSD,Não
2237876-171,PSOL,Obstrução
2237876-171,AVANTE,Não
2237876-171,PDT,Obstrução
2237876-171,PT,Obstrução
2237876-171,Maioria,Não
2237876-166,Oposição,Obstrução
2237876-166,PSOL,Obstrução
2237876-166,PDT,Obstrução
2237876-166,PT,Obstrução
2237876-166,MDB,
2237876-166,NovoCidPv,Obstrução
2237876-166,UNIÃO,Não
2237876-166,PSDB,Não
2237876-166,PSD,Não
2237876-166,Minoria,Obstrução
2237876-166,PscPtb,Não
2237876-166,SOLIDARIEDADE,Não
2237876-166,REDE,Obstrução
2237876-166,AVANTE,Não
2237876-166,PATRIOTA,Não
2237876-166,PCdoB,Obstrução
2237876-166,PP,Não
2237876-166,PROS,Não
2237876-166,REPUBLICANOS,Não
2237876-166,Maioria,Não
2237876-166,Governo,Não
2237876-166,PL,Não
2237876-166,PODE,Não
2237876-166,PSB,Obstrução
2237876-120,PTB,Não
2237876-120,AVANTE,Não
2237876-120,DEM,Não
2237876-120,PT,Sim
2237876-120,PSC,Não
2237876-120,PP,Não
2237876-120,Minoria,Sim
2237876-120,PCdoB,Sim
2237876-120,PL,Não
2237876-120,Maioria,Não
2237876-120,REDE,Sim
2237876-120,PROS,Não
2237876-120,SOLIDARIEDADE,Não
2237876-120,NOVO,Não
2237876-120,PV,
2237876-120,REPUBLICANOS,Não
2237876-120,Governo,Não
2237876-120,MDB,Não
2237876-120,PSD,Não
2237876-120,PSDB,Não
2237876-120,PSB,Sim
2237876-120,PSL,Não
2237876-120,PSOL,Sim
2237876-120,PATRIOTA,Não
2237876-120,PDT,Sim
2237876-120,CIDADANIA,Não
2237876-120,Oposição,Sim
2237876-120,PODE,Não
2237876-159,PSD,Não
2237876-159,Governo,Não
2237876-159,UNIÃO,Não
2237876-159,PT,Obstrução
2237876-159,SOLIDARIEDADE,Não
2237876-159,MDB,Não
2237876-159,PSB,Obstrução
2237876-159,PSOL,Obstrução
2237876-159,PROS,Não
2237876-159,PATRIOTA,Não
2237876-159,PCdoB,Obstrução
2237876-159,Maioria,Não
2237876-159,PL,Não
2237876-159,Minoria,Obstrução
2237876-159,Oposição,
2237876-159,PscPtb,Não
2237876-159,REDE,Obstrução
2237876-159,PODE,Não
2237876-159,NovoCidPv,Obstrução
2237876-159,PSDB,Não
2237876-159,PDT,Obstrução
2237876-159,REPUBLICANOS,Não
2237876-159,PP,Não
2237876-159,AVANTE,Não
2237876-119,PSC,Não
2237876-119,DEM,Não
2237876-119,SOLIDARIEDADE,Não
2237876-119,Maioria,Não
2237876-119,PCdoB,Sim
2237876-119,PATRIOTA,Não
2237876-119,MDB,Não
2237876-119,PSDB,Não
2237876-119,REDE,Sim
2237876-119,PP,Não
2237876-119,PSL,Não
2237876-119,AVANTE,Não
2237876-119,NOVO,Não
2237876-119,PL,Não
2237876-119,PSD,Não
2237876-119,CIDADANIA,Não
2237876-119,PV,
2237876-119,Governo,Não
2237876-119,PODE,Não
2237876-119,PROS,Não
2237876-119,PTB,Não
2237876-119,PSOL,Sim
2237876-119,PSB,Sim
2237876-119,Minoria,Sim
2237876-119,PDT,Sim
2237876-119,REPUBLICANOS,Não
2237876-119,PT,Sim
2237876-119,Oposição,Sim
2237876-103,PV,
2237876-103,PROS,Não
2237876-103,PTB,Não
2237876-103,REDE,Sim
2237876-103,PSC,Não
2237876-103,PSD,Não
2237876-103,PP,Não
2237876-103,AVANTE,Não
2237876-103,CIDADANIA,Não
2237876-103,PSB,Sim
2237876-103,REPUBLICANOS,Não
2237876-103,PATRIOTA,Não
2237876-103,PCdoB,Sim
2237876-103,PSDB,Não
2237876-103,PL,Não
2237876-103,PSL,Não
2237876-103,SOLIDARIEDADE,Não
2237876-103,MDB,Sim
2237876-103,Minoria,Sim
2237876-103,NOVO,Não
2237876-103,PSOL,Sim
2237876-103,PT,Sim
2237876-103,Maioria,Não
2237876-103,PODE,Não
2237876-103,Oposição,Sim
2237876-103,DEM,Não
2237876-103,Governo,Não
2237876-103,PDT,Sim
2237876-116,CIDADANIA,Não
2237876-116,PT,Sim
2237876-116,AVANTE,Não
2237876-116,PCdoB,Sim
2237876-116,PV,
2237876-116,SOLIDARIEDADE,Não
2237876-116,DEM,Não
2237876-116,PROS,Não
2237876-116,Maioria,Não
2237876-116,Minoria,Sim
2237876-116,PSOL,Sim
2237876-116,PTB,Não
2237876-116,PSD,Não
2237876-116,REDE,Sim
2237876-116,Oposição,Sim
2237876-116,PATRIOTA,Não
2237876-116,PDT,Sim
2237876-116,PSL,Não
2237876-116,REPUBLICANOS,Não
2237876-116,Governo,Não
2237876-116,NOVO,Não
2237876-116,PL,Não
2237876-116,PSB,Sim
2237876-116,PSC,Não
2237876-116,PSDB,Não
2237876-116,PODE,Não
2237876-116,PP,Não
2237876-116,MDB,Não
2237876-183,NovoCidPv,Sim
2237876-183,REPUBLICANOS,Não
2237876-183,Maioria,Não
2237876-183,AVANTE,Não
2237876-183,PSB,Sim
2237876-183,PT,Sim
2237876-183,PATRIOTA,Não
2237876-183,PROS,Não
2237876-183,Oposição,Sim
2237876-183,PL,Não
2237876-183,PSD,Não
2237876-183,PP,Não
2237876-183,PODE,Não
2237876-183,PCdoB,
2237876-183,MDB,
2237876-183,PDT,Sim
2237876-183,PscPtb,Não
2237876-183,Minoria,Sim
2237876-183,REDE,Sim
2237876-183,UNIÃO,Não
2237876-183,PSDB,Não
2237876-183,Governo,Não
2237876-183,PSOL,Sim
2237876-183,SOLIDARIEDADE,Não
2264253-10,AVANTE,Sim
2264253-10,MDB,Sim
2264253-10,PTB,Sim
2264253-10,Governo,Sim
2264253-10,PDT,Não
2264253-10,PCdoB,Não
2264253-10,PT,Não
2264253-10,DEM,Sim
2264253-10,PATRIOTA,Sim
2264253-10,PSC,Sim
2264253-10,REDE,
2264253-10,PODE,Sim
2264253-10,PSOL,Não
2264253-10,PSDB,Não
2264253-10,Maioria,Sim
2264253-10,PSD,Sim
2264253-10,PSB,Não
2264253-10,PROS,Sim
2264253-10,Minoria,Não
2264253-10,PP,Sim
2264253-10,NOVO,Não
2264253-10,Oposição,Não
2264253-10,CIDADANIA,Sim
2264253-10,PSL,Sim
2264253-10,SOLIDARIEDADE,Sim
2264253-10,REPUBLICANOS,Sim
2264253-10,PV,
2264253-10,PL,Sim
2237876-180,Oposição,Não
2237876-180,PSB,Não
2237876-180,Minoria,Não
2237876-180,AVANTE,Sim
2237876-180,PROS,Sim
2237876-180,Governo,Sim
2237876-180,PATRIOTA,Sim
2237876-180,PDT,Não
2237876-180,PSD,Não
2237876-180,UNIÃO,Sim
2237876-180,PscPtb,Sim
2237876-180,PSDB,Sim
2237876-180,PSOL,Sim
2237876-180,REDE,Não
2237876-180,PP,Não
2237876-180,PCdoB,Não
2237876-180,Maioria,Sim
2237876-180,SOLIDARIEDADE,Sim
2237876-180,PL,Sim
2237876-180,PODE,Sim
2237876-180,REPUBLICANOS,Não
2237876-180,NovoCidPv,Sim
2237876-180,PT,Não
2237876-180,MDB,Não
2237876-107,MDB,Não
2237876-107,REDE,Sim
2237876-107,CIDADANIA,Não
2237876-107,PCdoB,Sim
2237876-107,REPUBLICANOS,Não
2237876-107,PP,Não
2237876-107,PDT,Sim
2237876-107,PSOL,Sim
2237876-107,PSL,Não
2237876-107,Maioria,Não
2237876-107,NOVO,Não
2237876-107,PATRIOTA,Não
2237876-107,DEM,Não
2237876-107,PSC,Não
2237876-107,Oposição,
2237876-107,SOLIDARIEDADE,Não
2237876-107,PROS,Não
2237876-107,PSD,Não
2237876-107,Minoria,
2237876-107,AVANTE,Não
2237876-107,Governo,Não
2237876-107,PODE,Não
2237876-107,PTB,Não
2237876-107,PT,Sim
2237876-107,PSB,Sim
2237876-107,PV,
2237876-107,PSDB,Não
2237876-107,PL,Não
2237876-188,MDB,
2237876-188,Minoria,Não
2237876-188,Maioria,Sim
2237876-188,Governo,Sim
2237876-188,REPUBLICANOS,Sim
2237876-188,PSOL,Obstrução
2237876-188,PODE,Sim
2237876-188,PT,Não
2237876-188,NovoCidPv,Não
2237876-188,PCdoB,
2237876-188,PP,Sim
2237876-188,PscPtb,Sim
2237876-188,AVANTE,Sim
2237876-188,PROS,Sim
2237876-188,REDE,Não
2237876-188,PDT,Não
2237876-188,PSB,Não
2237876-188,SOLIDARIEDADE,Sim
2237876-188,PSD,Sim
2237876-188,UNIÃO,Sim
2237876-188,Oposição,Não
2237876-188,PATRIOTA,Sim
2237876-188,PSDB,Sim
2237876-188,PL,Sim
2237876-99,PODE,Sim
2237876-99,PT,Sim
2237876-99,PV,
2237876-99,Governo,Sim
2237876-99,DEM,Sim
2237876-99,NOVO,Não
2237876-99,PSD,Sim
2237876-99,MDB,Não
2237876-99,PSOL,Liberado
2237876-99,CIDADANIA,Sim
2237876-99,Minoria,Liberado
2237876-99,PDT,Sim
2237876-99,PSDB,Liberado
2237876-99,PROS,Sim
2237876-99,Maioria,
2237876-99,PTB,Sim
2237876-99,AVANTE,
2237876-99,PCdoB,Sim
2237876-99,REPUBLICANOS,
2237876-99,Oposição,Liberado
2237876-99,PATRIOTA,
2237876-99,PSC,Sim
2237876-99,PL,Sim
2237876-99,REDE,Sim
2237876-99,PSL,Sim
2237876-99,PP,Sim
2237876-99,PSB,Sim
2237876-99,SOLIDARIEDADE,Sim
2237876-113,SOLIDARIEDADE,Não
2237876-113,PATRIOTA,Não
2237876-113,Minoria,Sim
2237876-113,NOVO,Não
2237876-113,PSB,Sim
2237876-113,AVANTE,Não
2237876-113,PSOL,Sim
2237876-113,PL,Não
2237876-113,Governo,Não
2237876-113,CIDADANIA,Não
2237876-113,PODE,Não
2237876-113,PDT,Sim
2237876-113,PP,Não
2237876-113,PROS,Não
2237876-113,PSL,Não
2237876-113,REDE,Sim
2237876-113,PT,Sim
2237876-113,Maioria,Não
2237876-113,PV,
2237876-113,REPUBLICANOS,Não
2237876-113,PSC,Não
2237876-113,MDB,Sim
2237876-113,DEM,Não
2237876-113,PSD,Não
2237876-113,PTB,Não
2237876-113,PCdoB,Sim
2237876-113,Oposição,Sim
2237876-113,PSDB,Não
2238112-82,PSOL,Sim
2238112-82,PATRIOTA,Não
2238112-82,PROS,Não
2238112-82,PSD,Não
2238112-82,PDT,Sim
2238112-82,DEM,Não
2238112-82,Oposição,Sim
2238112-82,CIDADANIA,Não
2238112-82,REPUBLICANOS,Não
2238112-82,Governo,Não
2238112-82,PT,Sim
2238112-82,MDB,Não
2238112-82,PSB,Sim
2238112-82,REDE,Sim
2238112-82,PL,Não
2238112-82,PSL,Sim
2238112-82,PCdoB,Sim
2238112-82,PP,Não
2238112-82,PSC,Não
2238112-82,PODE,Não
2238112-82,AVANTE,Não
2238112-82,PTB,Não
2238112-82,NOVO,Sim
2238112-82,PSDB,Não
2238112-82,Minoria,Sim
2238112-82,SOLIDARIEDADE,Não
2238112-82,PV,Sim
2238112-71,AVANTE,Não
2238112-71,MDB,Não
2238112-71,PSC,Não
2238112-71,PODE,Não
2238112-71,Minoria,Sim
2238112-71,DEM,Não
2238112-71,PCdoB,Sim
2238112-71,REDE,Sim
2238112-71,PV,Sim
2238112-71,PSDB,Não
2238112-71,Governo,Não
2238112-71,CIDADANIA,Sim
2238112-71,PL,Não
2238112-71,PSD,Não
2238112-71,PSOL,Sim
2238112-71,NOVO,Não
2238112-71,SOLIDARIEDADE,Não
2238112-71,PP,Não
2238112-71,PATRIOTA,Não
2238112-71,REPUBLICANOS,Não
2238112-71,Oposição,Sim
2238112-71,PTB,Não
2238112-71,PROS,Não
2238112-71,PSB,Sim
2238112-71,PT,Sim
2238112-71,PSL,Sim
2238112-71,PDT,Sim
2238112-68,REDE,Não
2238112-68,PSOL,Não
2238112-68,PSD,Sim
2238112-68,PCdoB,Não
2238112-68,MDB,Sim
2238112-68,PT,Não
2238112-68,PROS,Sim
2238112-68,Minoria,Não
2238112-68,PSB,Não
2238112-68,Oposição,Não
2238112-68,NOVO,Sim
2238112-68,PSL,Não
2238112-68,REPUBLICANOS,Sim
2238112-68,CIDADANIA,Sim
2238112-68,Governo,Sim
2238112-68,DEM,Sim
2238112-68,SOLIDARIEDADE,Sim
2238112-68,PDT,Não
2238112-68,PSDB,Sim
2238112-68,PP,Sim
2238112-68,PATRIOTA,Sim
2238112-68,PTB,Sim
2238112-68,PSC,Sim
2238112-68,AVANTE,Sim
2238112-68,PODE,Sim
2238112-68,PL,Sim
2238112-32,PCdoB,Sim
2238112-32,Governo,Não
2238112-32,CIDADANIA,Não
2238112-32,PT,Sim
2238112-32,REPUBLICANOS,Não
2238112-32,PSDB,Não
2238112-32,REDE,Sim
2238112-32,MDB,Não
2238112-32,SOLIDARIEDADE,Não
2238112-32,PL,Não
2238112-32,Minoria,Sim
2238112-32,PODE,Sim
2238112-32,PROS,Não
2238112-32,PSD,Não
2238112-32,NOVO,Não
2238112-32,PDT,Sim
2238112-32,DEM,Não
2238112-32,PSOL,Sim
2238112-32,PTB,Não
2238112-32,PP,Não
2238112-32,PSB,Sim
2238112-32,Oposição,Sim
2238112-32,PSL,Sim
2238112-32,AVANTE,Não
2238112-62,PSDB,Não
2238112-62,REDE,Sim
2238112-62,SOLIDARIEDADE,Não
2238112-62,Maioria,Não
2238112-62,PDT,Sim
2238112-62,NOVO,Não
2238112-62,CIDADANIA,Não
2238112-62,PV,Não
2238112-62,PTB,Não
2238112-62,PCdoB,Sim
2238112-62,REPUBLICANOS,Não
2238112-62,DEM,Não
2238112-62,PSD,Não
2238112-62,PP,Não
2238112-62,Governo,Não
2238112-62,PATRIOTA,Não
2238112-62,MDB,Não
2238112-62,PSOL,Sim
2238112-62,PSL,Sim
2238112-62,PSB,Sim
2238112-62,Minoria,Sim
2238112-62,Oposição,Sim
2238112-62,PT,Sim
2238112-62,PROS,Não
2238112-62,PL,Não
2238112-81,MDB,Não
2238112-81,PROS,Não
2238112-81,Minoria,Sim
2238112-81,PSC,Não
2238112-81,PCdoB,Sim
2238112-81,SOLIDARIEDADE,Não
2238112-81,CIDADANIA,Sim
2238112-81,PTB,Não
2238112-81,AVANTE,Não
2238112-81,PT,Sim
2238112-81,Governo,Não
2238112-81,PSOL,Sim
2238112-81,DEM,Não
2238112-81,PSDB,Sim
2238112-81,PODE,Não
2238112-81,PSD,Não
2238112-81,Oposição,Sim
2238112-81,PL,Não
2238112-81,NOVO,Não
2238112-81,PDT,Sim
2238112-81,PV,Não
2238112-81,REPUBLICANOS,Não
2238112-81,PSL,Sim
2238112-81,REDE,Sim
2238112-81,PP,Não
2238112-81,PSB,Sim
2238112-81,PATRIOTA,Não
2238112-59,REDE,Sim
2238112-59,PSB,Sim
2238112-59,PV,Não
2238112-59,PSL,Sim
2238112-59,PT,Sim
2238112-59,Minoria,Sim
2238112-59,Governo,Não
2238112-59,PSD,Não
2238112-59,PCdoB,Sim
2238112-59,PP,Não
2238112-59,PSDB,Não
2238112-59,PL,Não
2238112-59,PTB,Não
2238112-59,PSOL,Sim
2238112-59,REPUBLICANOS,Não
2238112-59,NOVO,Não
2238112-59,SOLIDARIEDADE,Não
2238112-59,PROS,Não
2238112-59,DEM,Não
2238112-59,PDT,Sim
2238112-46,PV,Não
2238112-46,MDB,Não
2238112-46,PCdoB,Sim
2238112-46,Oposição,Sim
2238112-46,SOLIDARIEDADE,Não
2238112-46,PDT,Não
2238112-46,PSL,Sim
2238112-46,PSB,Sim
2238112-46,CIDADANIA,Não
2238112-46,PL,Não
2238112-46,NOVO,Não
2238112-46,PSD,Não
2238112-46,PP,Não
2238112-46,DEM,Não
2238112-46,Minoria,Sim
2238112-46,Governo,Não
2238112-46,PSDB,Não
2238112-46,PROS,Não
2238112-46,PTB,Não
2238112-46,AVANTE,Não
2238112-46,PSOL,Sim
2238112-46,PODE,Sim
2238112-46,REDE,Sim
2238112-46,REPUBLICANOS,Não
2238112-46,PT,Sim
2238434-99,Fdr PSOL-REDE,Não
2238434-99,Fdr PT-PCdoB-PV,Não
2238434-99,Minoria,Sim
2238434-99,Maioria,Não
2238434-99,Bl UniPpFdrPsdbCid...,Não
2238434-99,Bl MdbPsdRepPode,Liberado
2238434-99,PL,Sim
2238434-99,Oposição,Sim
2238434-99,Governo,
2238434-99,PSB,Liberado
2238434-99,NOVO,Sim
2238434-100,Fdr PT-PCdoB-PV,Sim
2238434-100,NOVO,Sim
2238434-100,Bl MdbPsdRepPode,Liberado
2238434-100,Governo,Sim
2238434-100,Maioria,Sim
2238434-100,PL,Sim
2238434-100,PSB,Sim
2238434-100,Minoria,Sim
2238434-100,Bl UniPpFdrPsdbCid...,Sim
2238434-100,Fdr PSOL-REDE,Sim
2238434-100,Oposição,Sim
2238434-87,Bl UniPpFdrPsdbCid...,Sim
2238434-87,Maioria,
2238434-87,Bl MdbPsdRepPode,Sim
2238434-87,Governo,
2238434-87,Oposição,
2238434-87,Minoria,
2238434-87,PL,Não
2238434-87,Fdr PSOL-REDE,Sim
2238434-87,NOVO,Não
2238434-87,Fdr PT-PCdoB-PV,Sim
2238434-87,PSB,Sim
2238434-150,Fdr PSOL-REDE,Não
2238434-150,Minoria,Obstrução
2238434-150,PSB,Não
2238434-150,PL,Obstrução
2238434-150,NOVO,Obstrução
2238434-150,Maioria,Não
2238434-150,Bl MdbPsdRepPode,
2238434-150,Oposição,Obstrução
2238434-150,Bl UniPpFdrPsdbCid...,
2238434-150,Fdr PT-PCdoB-PV,Não
2238434-150,Governo,Não
2238434-85,Oposição,Não
2238434-85,Bl UniPpFdrPsdbCid...,Não
2238434-85,Minoria,Não
2238434-85,Governo,Não
2238434-85,NOVO,Não
2238434-85,Bl MdbPsdRepPode,Não
2238434-85,PL,Não
2238434-85,Fdr PT-PCdoB-PV,Não
2238434-85,PSB,Não
2238434-85,Maioria,Não
2238434-85,Fdr PSOL-REDE,Sim
2238434-146,PL,Obstrução
2238434-146,Bl MdbPsdRepPode,Não
2238434-146,Minoria,
2238434-146,Oposição,Obstrução
2238434-146,Bl UniPpFdrPsdbCid...,Não
2238434-146,Maioria,Não
2238434-146,NOVO,Obstrução
2238434-146,Governo,Não
2238434-146,Fdr PSOL-REDE,Não
2238434-146,Fdr PT-PCdoB-PV,Não
2238434-146,PSB,Não
2238434-104,Governo,Não
2238434-104,NOVO,Não
2238434-104,PSB,Não
2238434-104,Oposição,Não
2238434-104,Bl MdbPsdRepPode,Liberado
2238434-104,Fdr PSOL-REDE,Não
2238434-104,Maioria,Não
2238434-104,Minoria,Não
2238434-104,Bl UniPpFdrPsdbCid...,Liberado
2238434-104,Fdr PT-PCdoB-PV,Não
2238434-104,PL,Não
2238434-94,Governo,Não
2238434-94,Bl MdbPsdRepPode,Liberado
2238434-94,Minoria,Sim
2238434-94,PL,Sim
2238434-94,Bl UniPpFdrPsdbCid...,Não
2238434-94,Maioria,Não
2238434-94,Oposição,
2238434-94,Fdr PSOL-REDE,Não
2238434-94,Fdr PT-PCdoB-PV,Não
2238434-94,NOVO,Sim
2238434-94,PSB,Liberado
2238434-89,Maioria,Não
2238434-89,Fdr PSOL-REDE,Não
2238434-89,Bl MdbPsdRepPode,Não
2238434-89,Minoria,Liberado
2238434-89,Oposição,Liberado
2238434-89,Bl UniPpFdrPsdbCid...,Não
2238434-89,Fdr PT-PCdoB-PV,Não
2238434-89,PSB,Não
2238434-89,NOVO,Sim
2238434-89,PL,Liberado
2238434-89,Governo,Não
2238434-80,Bl MdbPsdRepPode,Sim
2238434-80,Fdr PT-PCdoB-PV,Sim
2238434-80,PL,Sim
2238434-80,NOVO,Não
2238434-80,Bl UniPpFdrPsdbCid...,Sim
2238434-80,PSB,Sim
2238434-80,Fdr PSOL-REDE,Sim
2238434-80,Governo,Sim
2238434-80,Maioria,Sim
2238434-80,Minoria,Liberado
2238434-80,Oposição,Liberado
2238473-49,PSD,Não
2238473-49,PT,Sim
2238473-49,PSL,Não
2238473-49,REPUBLICANOS,Não
2238473-49,Governo,Não
2238473-49,PDT,Liberado
2238473-42,NOVO,Não
2238473-42,PL,Não
2238473-42,PSL,Não
2238473-42,PSOL,Sim
2238473-42,PSD,Sim
2238473-42,REPUBLICANOS,Sim
2238473-42,Oposição,Sim
2238473-42,Minoria,Sim
2238473-42,PCdoB,Sim
2238473-42,PSB,Sim
2238473-42,PT,Sim
2238473-52,REPUBLICANOS,Sim
2238473-52,NOVO,Sim
2238473-52,Governo,Sim
2238473-52,PDT,Liberado
2238473-52,PT,Não
2238473-52,PSL,Sim
2238473-52,Oposição,Não
2238527-77,Oposição,Sim
2238527-77,PSB,Sim
2238527-77,UNIÃO,Não
2238527-77,REPUBLICANOS,Não
2238527-77,MDB,Não
2238527-77,Governo,Não
2238527-77,PSDB,Não
2238527-77,PP,Não
2238527-77,NOVO,Não
2238527-77,Minoria,Sim
2238527-77,PT,Sim
2238527-77,Maioria,Não
2238527-77,PL,Não
2238527-77,PTB,Não
2238527-77,PDT,Sim
2238473-32,PT,Sim
2238473-32,PSL,Não
2238473-32,PSB,Sim
2238473-32,Oposição,Sim
2238473-32,PSOL,Sim
2238473-32,Minoria,Sim
2238473-32,PSD,Não
2238652-59,Oposição,Sim
2238652-59,MDB,Sim
2238652-59,PDT,Sim
2238652-59,PSB,Sim
2238652-59,Maioria,Sim
2238652-59,PV,Sim
2238652-59,PL,Sim
2238652-59,PCdoB,Sim
2238652-59,Minoria,Sim
2238652-59,DEM,Sim
2238652-59,PODE,Sim
2238652-59,PSL,Sim
2238652-59,PP,Sim
2238652-59,PSC,Sim
2238652-59,CIDADANIA,Sim
2238652-59,REDE,Sim
2238652-59,AVANTE,Sim
2238652-59,PSDB,Sim
2238652-59,PT,Sim
2238652-59,PSOL,Sim
2238652-59,Governo,Sim
2238652-59,SOLIDARIEDADE,Sim
2238652-59,NOVO,Sim
2238652-59,PTB,Sim
2238652-59,PATRIOTA,Sim
2238652-59,PSD,Sim
2238652-59,PROS,Sim
2238652-59,REPUBLICANOS,Sim
2299647-11,PSB,Sim
2299647-11,PL,Sim
2299647-11,PCdoB,Sim
2299647-11,AVANTE,
2299647-11,Minoria,
2299647-11,SOLIDARIEDADE,
2299647-11,PP,Sim
2299647-11,NOVO,Sim
2299647-11,PTB,Sim
2299647-11,PT,Sim
2299647-11,PSOL,Não
2299647-11,MDB,Sim
2299647-11,Oposição,
2299647-11,PSL,Sim
2299647-11,CIDADANIA,Sim
2299647-11,PATRIOTA,
2299647-11,PV,
2299647-11,REDE,Sim
2299647-11,Governo,Sim
2299647-11,PDT,Sim
2299647-11,PODE,
2299647-11,PROS,Sim
2299647-11,PSDB,Sim
2299647-11,DEM,
2299647-11,Maioria,
2299647-11,PSD,Sim
2299647-11,REPUBLICANOS,Sim
2299647-11,PSC,Sim
2239098-68,PSC,Sim
2239098-68,PODE,
2239098-68,CIDADANIA,
2239098-68,PV,
2239098-68,PSB,
2239098-68,PROS,
2239098-68,PSDB,Sim
2239098-68,PTB,
2239098-68,Governo,Sim
2239098-68,NOVO,Sim
2239098-68,SOLIDARIEDADE,
2239098-68,UNIÃO,Sim
2239098-68,PP,Sim
2239098-68,PSD,Sim
2239098-68,Minoria,Liberado
2239098-68,PT,Sim
2239098-68,PATRIOTA,
2239098-68,AVANTE,
2239098-68,REPUBLICANOS,Sim
2239098-68,PL,Sim
2239098-68,PCdoB,Sim
2239098-68,Oposição,
2239098-68,Maioria,Sim
2239098-68,PSOL,Não
2239098-68,MDB,Sim
2239098-68,PDT,Sim
2239098-68,REDE,
2239424-51,REPUBLICANOS,Não
2239424-51,PSL,Sim
2239424-51,PSOL,Não
2239424-51,CIDADANIA,Sim
2239424-51,NOVO,Sim
2239424-51,PODE,Sim
2239424-51,PT,Não
2241642-76,PT,Sim
2241642-76,AVANTE,Sim
2241642-76,PSOL,Sim
2241642-76,Minoria,Sim
2241642-76,SOLIDARIEDADE,Sim
2241642-76,DEM,Não
2241642-76,NOVO,Não
2241642-76,PSL,Sim
2241642-76,PP,Sim
2241642-76,PSB,Sim
2241642-76,PDT,Sim
2241642-76,PSDB,Não
2241642-76,PSD,Sim
2241642-76,PTB,Sim
2241642-76,REPUBLICANOS,Sim
2241642-76,PCdoB,Sim
2241642-76,PL,Sim
2241642-76,PV,Sim
2241642-76,PODE,Não
2241642-76,MDB,Liberado
2241642-76,CIDADANIA,Não
2241642-76,Governo,Sim
2241642-76,REDE,Sim
2241642-91,DEM,Não
2241642-91,PSDB,Não
2241642-91,PL,Não
2241642-91,PSOL,Sim
2241642-91,MDB,Não
2241642-91,PSB,Sim
2241642-91,PSL,Não
2241642-91,PODE,Não
2241642-91,SOLIDARIEDADE,Não
2241642-91,PP,Não
2241642-91,PT,Sim
2241642-91,REPUBLICANOS,Não
2241642-91,CIDADANIA,Não
2241642-91,PSD,Não
2241642-91,REDE,Sim
2241642-91,PCdoB,Sim
2241642-91,PROS,Não
2241642-91,PDT,Sim
2241642-91,Governo,Não
2241642-91,NOVO,Não
2241642-91,Minoria,Sim
2241642-91,PV,Não
2241642-59,CIDADANIA,Não
2241642-59,PDT,Não
2241642-59,REDE,Não
2241642-59,PV,Não
2241642-59,AVANTE,Sim
2241642-59,PP,Sim
2241642-59,PSDB,Sim
2241642-59,Governo,Sim
2241642-59,SOLIDARIEDADE,Sim
2241642-59,PSD,Sim
2241642-59,PODE,Sim
2241642-59,NOVO,Sim
2241642-59,PT,Não
2241642-59,PSOL,Não
2241642-59,PSL,Sim
2241642-59,PCdoB,Não
2241642-59,PROS,Sim
2241642-59,Minoria,Não
2241642-59,PSB,Não
2241642-59,MDB,Sim
2241642-59,PSC,Sim
2241642-59,REPUBLICANOS,Sim
2241642-59,DEM,Sim
2241642-59,PL,Sim
2241660-85,NOVO,Sim
2241660-85,PV,Sim
2241660-85,PL,Sim
2241660-85,PT,Não
2241660-85,CIDADANIA,Sim
2241660-85,SOLIDARIEDADE,Sim
2241660-85,MDB,Sim
2241660-85,PSD,Sim
2241660-85,DEM,Sim
2241660-85,PSB,Não
2241660-85,PDT,Sim
2241660-85,Governo,Sim
2241660-85,PCdoB,Não
2241660-85,PODE,Sim
2241660-85,PSOL,Não
2241660-85,REDE,Sim
2241660-85,REPUBLICANOS,Sim
2241660-85,PP,Sim
2241660-85,AVANTE,Sim
2241660-85,PSDB,Sim
2241660-85,PTB,Sim
2241660-85,Minoria,Liberado
2241660-85,PSL,Sim
2241660-77,PCdoB,Sim
2241660-77,PDT,Sim
2241660-77,CIDADANIA,Não
2241660-77,REPUBLICANOS,Não
2241660-77,PT,Sim
2241660-77,PSDB,Não
2241660-77,PSOL,Sim
2241660-77,Maioria,Não
2241660-77,PSL,Não
2241660-77,REDE,Sim
2241660-77,PSB,Sim
2241660-77,PROS,Não
2241660-77,PL,Não
2241660-77,PSD,Não
2241660-77,AVANTE,Não
2241660-77,MDB,Não
2241660-77,DEM,Não
2241660-77,NOVO,Não
2241660-77,PV,Sim
2241660-77,Minoria,Sim
2241660-77,Governo,Não
2241660-77,PP,Não
2241660-35,Governo,Não
2241660-35,CIDADANIA,Não
2241660-35,PSOL,Sim
2241660-35,AVANTE,Não
2241660-35,PSB,Não
2241660-35,PSDB,Não
2241660-35,PP,Não
2241660-35,PSC,Não
2241660-35,PV,Não
2241660-35,DEM,Não
2241660-35,PCdoB,Não
2241660-35,Minoria,Liberado
2241660-35,REDE,Não
2241660-35,PTB,Não
2241660-35,PDT,Não
2241660-35,NOVO,Não
2241660-35,PT,Não
2241660-35,PODE,Não
2241660-35,PSD,Não
2241660-35,PL,Não
2241660-90,NOVO,Não
2241660-90,Minoria,Não
2241660-90,PTB,Sim
2241660-90,PSL,Sim
2241660-90,PL,Sim
2241660-90,REPUBLICANOS,Sim
2241660-90,DEM,Sim
2241660-90,PSDB,Não
2241660-90,PDT,Não
2241660-90,SOLIDARIEDADE,Sim
2241660-90,PROS,Sim
2241660-90,PSOL,Não
2241660-90,PT,Não
2241660-90,PP,Sim
2241660-90,AVANTE,Sim
2241660-90,PSD,Sim
2241660-90,PV,Não
2241660-90,PCdoB,Não
2241660-90,Governo,Sim
2241660-90,PSB,Não
2241660-90,REDE,Não
2241660-90,PODE,Sim
2241660-90,CIDADANIA,Sim
2241660-99,PSOL,Não
2241660-99,CIDADANIA,Sim
2241660-99,Minoria,Não
2241660-99,Governo,Sim
2241660-99,PROS,Sim
2241660-99,MDB,Sim
2241660-99,PSDB,Não
2241660-99,Maioria,Sim
2241660-99,PTB,Sim
2241660-99,PODE,Sim
2241660-99,PDT,Não
2241660-99,PT,Não
2241660-99,REPUBLICANOS,Sim
2241660-99,SOLIDARIEDADE,Sim
2241660-99,REDE,Não
2241660-99,PSD,Sim
2241660-99,PP,Sim
2241660-99,DEM,Sim
2241660-99,PSL,Sim
2241660-99,AVANTE,Sim
2241660-99,PSB,Não
2241660-99,PL,Sim
2241660-99,PV,Sim
2241660-99,NOVO,Sim
2241660-73,PDT,Sim
2241660-73,DEM,Não
2241660-73,PROS,Não
2241660-73,AVANTE,Não
2241660-73,PODE,Não
2241660-73,PSOL,Sim
2241660-73,REDE,Sim
2241660-73,PSD,Não
2241660-73,SOLIDARIEDADE,Não
2241660-73,NOVO,Não
2241660-73,PTB,Não
2241660-73,REPUBLICANOS,Não
2241660-73,PP,Não
2241660-73,PSL,Não
2241660-73,PL,Não
2241660-73,PSB,Sim
2241660-73,Oposição,Sim
2241660-73,Governo,Não
2241660-73,PV,Não
2241660-73,MDB,Não
2241660-73,PT,Sim
2241660-73,Minoria,Sim
2241660-73,PCdoB,Sim
2241660-73,PSDB,Não
2241662-137,DEM,Sim
2241662-137,PSB,Não
2241662-137,PSL,Sim
2241662-137,PDT,Não
2241662-137,Governo,Sim
2241662-137,PCdoB,Não
2241662-137,PROS,Sim
2241662-137,PT,Não
2241662-137,REPUBLICANOS,Sim
2241662-137,PP,Sim
2241662-137,PTB,Sim
2241662-137,NOVO,Sim
2241662-137,REDE,Não
2241662-137,SOLIDARIEDADE,Sim
2241662-137,PL,Sim
2241662-137,PSDB,Sim
2241662-137,PSOL,Não
2241662-137,CIDADANIA,Sim
2241662-137,Minoria,Não
2241662-137,PODE,Sim
2241662-137,AVANTE,Sim
2241662-137,MDB,Sim
2241662-117,PSB,Não
2241662-117,PP,Sim
2241662-117,PSD,Sim
2241662-117,Minoria,Não
2241662-117,DEM,Liberado
2241662-117,CIDADANIA,Sim
2241662-117,PSOL,Não
2241662-117,PV,Sim
2241662-117,PCdoB,Não
2241662-117,PL,Sim
2241662-117,PDT,Não
2241662-117,PSL,Sim
2241662-117,PTB,Sim
2241662-117,AVANTE,Sim
2241662-117,MDB,Sim
2241662-117,Oposição,Não
2241662-117,REDE,Não
2241662-117,Maioria,Sim
2241662-117,REPUBLICANOS,Sim
2241662-117,NOVO,Sim
2241662-117,PODE,Sim
2241662-117,PSDB,Sim
2241662-117,PT,Não
2241662-117,Governo,Sim
2241662-117,SOLIDARIEDADE,Sim
2241660-61,NOVO,Não
2241660-61,REPUBLICANOS,Sim
2241660-61,PSL,Sim
2241660-61,PL,Sim
2241660-61,PV,Sim
2241660-61,PSD,Sim
2241660-61,DEM,Sim
2241660-61,PSOL,Não
2241660-61,PDT,Não
2241660-61,Governo,Sim
2241660-61,CIDADANIA,Sim
2241660-61,PTB,Sim
2241660-61,PSB,Sim
2241660-61,PT,Não
2241660-61,Minoria,Liberado
2241660-61,AVANTE,Sim
2241660-61,REDE,Sim
2241660-61,PROS,Sim
2241660-61,Oposição,Liberado
2241660-61,PODE,Sim
2241660-61,PSDB,Sim
2241660-61,PCdoB,Sim
2241662-103,SOLIDARIEDADE,Sim
2241662-103,PSL,Sim
2241662-103,PV,Não
2241662-103,Governo,Sim
2241662-103,NOVO,Sim
2241662-103,REDE,Não
2241662-103,PSD,Sim
2241662-103,PSDB,Sim
2241662-103,CIDADANIA,Sim
2241662-103,PCdoB,Não
2241662-103,PL,Sim
2241662-103,PROS,Sim
2241662-103,MDB,Sim
2241662-103,Maioria,Sim
2241662-103,DEM,Não
2241662-103,REPUBLICANOS,Sim
2241662-103,PODE,Sim
2241662-103,PP,Sim
2241662-103,PSOL,Não
2241662-103,PDT,Não
2241662-103,Oposição,Não
2241662-103,AVANTE,Sim
2241662-103,Minoria,Não
2241662-103,PT,Não
2241662-103,PSB,Não
2241662-103,PTB,Sim
2241662-98,PSD,Não
2241662-98,DEM,Não
2241662-98,PL,Não
2241662-98,Oposição,Sim
2241662-98,REPUBLICANOS,Não
2241662-98,PSDB,Não
2241662-98,PCdoB,Sim
2241662-98,CIDADANIA,Sim
2241662-98,Minoria,Sim
2241662-98,PODE,Não
2241662-98,NOVO,Não
2241662-98,PP,Não
2241662-98,Governo,Não
2241662-98,REDE,Sim
2241662-98,PT,Sim
2241662-98,PSB,Sim
2241662-98,PSL,Não
2241662-98,PDT,Sim
2241662-98,MDB,Não
2241662-98,PSOL,Sim
2241662-98,PTB,Não
2241662-98,PV,Sim
2241662-85,PSDB,Sim
2241662-85,MDB,Sim
2241662-85,DEM,Sim
2241662-85,PL,Sim
2241662-85,PSD,Sim
2241662-85,PP,Sim
2241662-85,PTB,Sim
2241662-85,PT,Não
2241662-85,PODE,Sim
2241662-85,REPUBLICANOS,Sim
2241662-85,Oposição,Não
2241662-85,AVANTE,Sim
2241662-85,SOLIDARIEDADE,Sim
2241662-85,PSOL,Não
2241662-85,REDE,Não
2241662-85,NOVO,Sim
2241662-85,PSC,Sim
2241662-85,PCdoB,Não
2241662-85,Governo,Sim
2241662-85,PROS,Sim
2241662-85,PDT,Não
2241662-85,PV,Sim
2241662-85,PSL,Sim
2241662-85,PSB,Não
2241662-85,Minoria,Não
2241662-93,REDE,Sim
2241662-93,PL,Não
2241662-93,PROS,Não
2241662-93,Minoria,Sim
2241662-93,PCdoB,Sim
2241662-93,Governo,Não
2241662-93,AVANTE,Não
2241662-93,PODE,Não
2241662-93,PDT,Sim
2241662-93,PSD,Não
2241662-93,SOLIDARIEDADE,Sim
2241662-93,PSB,Sim
2241662-93,NOVO,Não
2241662-93,PSL,Não
2241662-93,PSOL,Sim
2241662-93,Maioria,Não
2241662-93,PSDB,Não
2241662-93,PT,Sim
2241662-93,PP,Não
2241662-93,PTB,Não
2241662-93,PV,Sim
2241662-93,REPUBLICANOS,Não
2241662-93,DEM,Não
2241662-93,CIDADANIA,Sim
2241662-93,Oposição,Sim
2241662-93,PSC,Não
2241662-93,MDB,Não
2241662-123,Minoria,Não
2241662-123,PP,Sim
2241662-123,PSB,Não
2241662-123,CIDADANIA,Não
2241662-123,PSL,Sim
2241662-123,Governo,Sim
2241662-123,PTB,Sim
2241662-123,PL,Sim
2241662-123,PCdoB,Não
2241662-123,PSDB,Sim
2241662-123,REDE,Não
2241662-123,NOVO,Sim
2241662-123,PV,Sim
2241662-123,PSOL,Não
2241662-123,REPUBLICANOS,Sim
2241662-123,PT,Não
2241662-123,SOLIDARIEDADE,Sim
2241662-123,MDB,Sim
2241662-123,PODE,Sim
2241662-123,AVANTE,Sim
2241662-123,PDT,Não
2241662-123,PROS,Sim
2241662-109,PV,Sim
2241662-109,PSD,Não
2241662-109,PDT,Sim
2241662-109,CIDADANIA,Não
2241662-109,REDE,Sim
2241662-109,MDB,Não
2241662-109,PCdoB,Sim
2241662-109,PSB,Sim
2241662-109,PROS,Sim
2241662-109,PL,Não
2241662-109,Minoria,Sim
2241662-109,AVANTE,Não
2241662-109,SOLIDARIEDADE,Não
2241662-109,DEM,Não
2241662-109,PSL,Não
2241662-109,PSOL,Sim
2241662-109,PODE,Não
2241662-109,NOVO,Não
2241662-109,PP,Não
2241662-109,PT,Sim
2241662-77,PDT,Sim
2241662-77,Minoria,Liberado
2241662-77,REPUBLICANOS,Sim
2241662-77,PSC,Sim
2241662-77,PROS,Sim
2241662-77,PP,Sim
2241662-77,PSDB,Sim
2241662-77,Governo,Sim
2241662-77,PT,Não
2241662-77,AVANTE,Sim
2241662-77,PTB,Sim
2241662-77,DEM,Sim
2241662-77,PSL,Sim
2241662-77,PCdoB,Sim
2241662-77,REDE,Sim
2241662-77,NOVO,Sim
2241662-77,MDB,Sim
2241662-77,PSD,Sim
2241662-77,CIDADANIA,Sim
2241662-77,PODE,Sim
2241662-77,PSOL,Obstrução
2241662-77,PL,Sim
2241662-77,PSB,Sim
2241662-77,SOLIDARIEDADE,Sim
2241662-66,CIDADANIA,Não
2241662-66,REDE,Sim
2241662-66,PSOL,Sim
2241662-66,AVANTE,Não
2241662-66,SOLIDARIEDADE,Não
2241662-66,NOVO,Não
2241662-66,PODE,Não
2241662-66,MDB,Não
2241662-66,PDT,Sim
2241662-66,PSDB,Não
2241662-66,PP,Não
2241662-66,PSL,Não
2241662-66,PT,Sim
2241662-66,PTB,Não
2241662-66,DEM,Não
2241662-66,REPUBLICANOS,Não
2241662-66,PCdoB,Sim
2241662-66,PV,Não
2241662-66,PSD,Não
2241662-66,PL,Não
2241662-66,Governo,Não
2241662-72,DEM,Não
2241662-72,PSL,Não
2241662-72,REDE,Sim
2241662-72,PCdoB,Sim
2241662-72,Minoria,Sim
2241662-72,CIDADANIA,Não
2241662-72,NOVO,Não
2241662-72,PROS,Não
2241662-72,MDB,Não
2241662-72,AVANTE,Não
2241662-72,PSD,Não
2241662-72,PSDB,Não
2241662-72,PP,Não
2241662-72,PDT,Sim
2241662-72,Governo,Não
2241662-72,PTB,Não
2241662-72,REPUBLICANOS,Não
2241662-72,PL,Não
2241662-72,PSOL,Sim
2241662-72,PSB,Sim
2241662-72,PT,Sim
2241662-118,REDE,Não
2241662-118,PCdoB,Não
2241662-118,PTB,Sim
2241662-118,AVANTE,Sim
2241662-118,REPUBLICANOS,Sim
2241662-118,Oposição,Não
2241662-118,PSDB,Sim
2241662-118,PSL,Sim
2241662-118,PP,Sim
2241662-118,PL,Sim
2241662-118,PSB,Não
2241662-118,PSOL,Não
2241662-118,PT,Não
2241662-118,SOLIDARIEDADE,Sim
2241662-118,MDB,Sim
2241662-118,Minoria,Não
2241662-118,PDT,Não
2241662-118,PODE,Sim
2241662-118,NOVO,Sim
2241662-118,CIDADANIA,Sim
2241662-118,Governo,Sim
2241662-118,DEM,Sim
2241662-118,PROS,Sim
2241662-46,PT,Sim
2241662-46,Governo,Não
2241662-46,SOLIDARIEDADE,Não
2241662-46,PODE,Não
2241662-46,PROS,Não
2241662-46,PSB,Sim
2241662-46,PCdoB,Sim
2241662-46,REDE,Sim
2241662-46,AVANTE,Não
2241662-46,PV,Não
2241662-46,PL,Não
2241662-46,CIDADANIA,Não
2241662-46,REPUBLICANOS,Não
2241662-46,DEM,Não
2241662-46,NOVO,Não
2241662-46,PSL,Não
2241662-46,PSOL,Sim
2241662-46,PSDB,Não
2241662-46,PTB,Não
2241662-46,Minoria,Sim
2241662-46,PDT,Sim
2241662-46,PP,Não
2241662-96,DEM,Sim
2241662-96,PODE,Sim
2241662-96,Governo,Sim
2241662-96,REPUBLICANOS,Sim
2241662-96,PSD,Sim
2241662-96,PSDB,Sim
2241662-96,Minoria,Não
2241662-96,REDE,Não
2241662-96,Oposição,Não
2241662-96,PL,Sim
2241662-96,MDB,Sim
2241662-96,CIDADANIA,Não
2241662-96,PSL,Sim
2241662-96,PT,Não
2241662-96,SOLIDARIEDADE,Não
2241662-96,NOVO,Sim
2241662-96,PTB,Sim
2241662-96,PSOL,Não
2241662-96,PSB,Não
2241662-96,PCdoB,Não
2241662-96,AVANTE,Sim
2241662-96,PV,Não
2241662-96,PROS,Sim
2241662-96,PP,Sim
2241662-96,PDT,Não
2241695-100,Minoria,Não
2241695-100,PSDB,Sim
2241695-100,PT,Não
2241695-100,PP,Sim
2241695-100,PODE,Liberado
2241695-100,DEM,Sim
2241695-100,SOLIDARIEDADE,
2241695-100,NOVO,Sim
2241695-100,Oposição,
2241695-100,Maioria,Sim
2241695-100,PL,Sim
2241695-100,PDT,Não
2241695-100,PROS,
2241695-100,PSD,Sim
2241695-100,PSB,Não
2241695-100,PCdoB,Não
2241695-100,PSL,Sim
2241695-100,PATRIOTA,Sim
2241695-100,REDE,Não
2241695-100,MDB,Sim
2241695-100,PSC,
2241695-100,Governo,Sim
2241695-100,PV,Sim
2241695-100,AVANTE,Sim
2241695-100,CIDADANIA,Sim
2241695-100,PTB,
2241695-100,REPUBLICANOS,Sim
2241695-100,PSOL,Não
2241695-65,PSC,Liberado
2241695-65,Maioria,Liberado
2241695-65,PSL,Não
2241695-65,PP,Liberado
2241695-65,PSOL,Sim
2241695-65,Oposição,Sim
2241695-65,DEM,Liberado
2241695-65,PROS,Liberado
2241695-65,PDT,Sim
2241695-65,REDE,Sim
2241695-65,PSB,Sim
2241695-65,CIDADANIA,Sim
2241695-65,PTB,Liberado
2241695-65,PL,Liberado
2241695-65,SOLIDARIEDADE,Sim
2241695-65,PCdoB,Sim
2241695-65,NOVO,Não
2241695-65,MDB,Sim
2241695-65,PSD,Liberado
2241695-65,PT,Sim
2241695-65,Minoria,Sim
2241695-65,Governo,Não
2241695-65,PSDB,Não
2241695-65,REPUBLICANOS,Liberado
2242322-7,PP,Sim
2242322-7,PROS,Sim
2242322-7,PT,Sim
2242322-7,PATRIOTA,Sim
2242322-7,PSC,Sim
2242322-7,Minoria,Sim
2242322-7,CIDADANIA,Sim
2242322-7,REDE,Sim
2242322-7,PSL,Sim
2242322-7,PCdoB,Sim
2242322-7,PV,Sim
2242322-7,DEM,Sim
2242322-7,PSDB,Sim
2242322-7,Oposição,Sim
2242322-7,Governo,Sim
2242322-7,PDT,Sim
2242322-7,AVANTE,Sim
2242322-7,PODE,Sim
2242322-7,PTB,Sim
2242322-7,PSD,Sim
2242322-7,PSB,Sim
2242322-7,REPUBLICANOS,Sim
2242322-7,Maioria,Sim
2242322-7,NOVO,Não
2242322-7,SOLIDARIEDADE,Sim
2242322-7,PL,Sim
2242322-7,PSOL,Sim
2242322-7,MDB,Sim
2241662-131,PODE,Sim
2241662-131,PROS,Sim
2241662-131,SOLIDARIEDADE,Sim
2241662-131,PSL,Sim
2241662-131,DEM,Sim
2241662-131,Minoria,Não
2241662-131,PTB,Sim
2241662-131,PSOL,Não
2241662-131,CIDADANIA,Sim
2241662-131,REDE,Não
2241662-131,PL,Sim
2241662-131,PSD,Sim
2241662-131,PDT,Não
2241662-131,PV,Não
2241662-131,Oposição,Não
2241662-131,REPUBLICANOS,Sim
2241662-131,PCdoB,Não
2241662-131,PP,Sim
2241662-131,PT,Não
2241662-131,PSDB,Sim
2241662-131,Governo,Sim
2241662-131,MDB,Sim
2241662-131,NOVO,Sim
2241662-131,PSB,Não
2241662-131,AVANTE,Sim
2241662-90,PSOL,Sim
2241662-90,Governo,Não
2241662-90,DEM,Não
2241662-90,PSC,Não
2241662-90,PODE,Não
2241662-90,MDB,Não
2241662-90,PT,Sim
2241662-90,PSDB,Não
2241662-90,PCdoB,Sim
2241662-90,PP,Não
2241662-90,PDT,Sim
2241662-90,CIDADANIA,Não
2241662-90,Oposição,Sim
2241662-90,PSB,Sim
2241662-90,PL,Não
2241662-90,REDE,Sim
2241662-90,PSD,Não
2241662-90,REPUBLICANOS,Não
2241662-90,SOLIDARIEDADE,Não
2241662-90,PV,Não
2241662-90,PROS,Não
2241662-90,PSL,Não
2241662-90,Minoria,Sim
2241662-90,NOVO,Não
2241662-90,AVANTE,Não
2241662-90,PTB,Não
2241662-81,PSD,Não
2241662-81,MDB,Não
2241662-81,PODE,Não
2241662-81,Governo,Não
2241662-81,PDT,Sim
2241662-81,NOVO,Não
2241662-81,PSL,Não
2241662-81,Minoria,Sim
2241662-81,PSB,Sim
2241662-81,REPUBLICANOS,Não
2241662-81,CIDADANIA,Não
2241662-81,PSOL,Sim
2241662-81,PSC,Não
2241662-81,PT,Sim
2241662-81,PP,Não
2241662-81,Oposição,Sim
2241662-81,DEM,Não
2241662-81,PTB,Não
2241662-81,AVANTE,Não
2241662-81,REDE,Sim
2241662-81,PL,Não
2241662-81,SOLIDARIEDADE,Não
2241662-81,PSDB,Não
2241662-81,PCdoB,Sim
2241662-81,PV,Não
2241662-79,REPUBLICANOS,Sim
2241662-79,PSB,Não
2241662-79,Oposição,Não
2241662-79,PSDB,Sim
2241662-79,PSC,Sim
2241662-79,PCdoB,Não
2241662-79,MDB,Sim
2241662-79,NOVO,Sim
2241662-79,PODE,Sim
2241662-79,PSOL,Não
2241662-79,PV,Sim
2241662-79,PTB,Sim
2241662-79,DEM,Sim
2241662-79,PP,Sim
2241662-79,AVANTE,Sim
2241662-79,REDE,Não
2241662-79,PDT,Não
2241662-79,PSD,Sim
2241662-79,PL,Sim
2241662-79,CIDADANIA,Sim
2241662-79,PSL,Sim
2241662-79,PROS,Sim
2241662-79,Governo,Sim
2241662-79,Minoria,Não
2241662-79,PT,Não
2241662-79,SOLIDARIEDADE,Sim
2241662-76,PSB,Não
2241662-76,PSOL,Não
2241662-76,Minoria,Não
2241662-76,PL,Sim
2241662-76,PSDB,Sim
2241662-76,PSL,Sim
2241662-76,REDE,Não
2241662-76,PSD,Sim
2241662-76,PODE,Sim
2241662-76,SOLIDARIEDADE,Sim
2241662-76,DEM,Sim
2241662-76,PCdoB,Não
2241662-76,PTB,Sim
2241662-76,MDB,Sim
2241662-76,PDT,Não
2241662-76,Oposição,Não
2241662-76,PP,Sim
2241662-76,AVANTE,Sim
2241662-76,Governo,Sim
2241662-76,PT,Não
2241662-76,NOVO,Sim
2241662-76,CIDADANIA,Sim
2241662-76,PV,Sim
2241662-76,REPUBLICANOS,Sim
2241662-76,PROS,Não
2241662-37,PDT,Sim
2241662-37,AVANTE,Não
2241662-37,PSL,Não
2241662-37,PODE,Não
2241662-37,PV,Não
2241662-37,PP,Não
2241662-37,PSB,Sim
2241662-37,Governo,Não
2241662-37,PTB,Não
2241662-37,PROS,Não
2241662-37,PSDB,Não
2241662-37,REDE,Sim
2241662-37,PSD,Não
2241662-37,PSOL,Sim
2241662-37,PCdoB,Sim
2241662-37,Maioria,Não
2241662-37,MDB,Não
2241662-37,REPUBLICANOS,Não
2241662-37,NOVO,Não
2241662-37,SOLIDARIEDADE,Não
2241662-37,CIDADANIA,Não
2241662-37,DEM,Não
2241662-37,PT,Sim
2241662-37,PSC,Não
2241811-29,Governo,Sim
2241811-29,Oposição,Não
2241811-29,PDT,Sim
2241811-29,Minoria,Não
2241811-29,Fdr PSOL-REDE,Sim
2241811-29,PSB,Sim
2241811-29,NOVO,Não
2241811-29,Fdr PT-PCdoB-PV,Sim
2241811-29,PP,Sim
2241811-29,Maioria,Sim
2241811-29,PL,Não
2241811-29,REPUBLICANOS,Não
2241811-29,AVANTE,Não
2242000-151,REDE,Sim
2242000-151,PL,Não
2242000-151,PSDB,Sim
2242000-151,NOVO,Não
2242000-151,PODE,Liberado
2242000-151,PSB,Sim
2242000-151,PTB,Não
2242000-151,PSL,Não
2242000-151,PROS,Não
2242000-151,CIDADANIA,Sim
2242000-151,SOLIDARIEDADE,Não
2242000-151,PSD,Não
2242000-151,AVANTE,Não
2242000-151,PSOL,Sim
2242000-151,DEM,Não
2242000-151,Governo,Não
2242000-151,Minoria,Sim
2242000-151,PDT,Sim
2242000-151,Maioria,Não
2242000-151,PP,Não
2242000-151,PCdoB,Sim
2242000-151,PATRIOTA,Não
2242000-151,REPUBLICANOS,Não
2242000-151,PT,Sim
2241973-52,NOVO,Não
2242000-90,PL,Sim
2242000-90,PROS,Sim
2242000-90,PT,Sim
2242000-90,PDT,Não
2242000-90,Governo,Sim
2242000-90,PSDB,Não
2242000-90,SOLIDARIEDADE,Sim
2242000-90,PSOL,Não
2242000-90,PCdoB,Sim
2242000-90,PATRIOTA,Sim
2242000-90,REDE,Sim
2242000-90,PSD,Sim
2242000-90,DEM,Não
2242000-90,NOVO,Não
2242000-90,CIDADANIA,Não
2242000-90,PSL,Sim
2242000-90,REPUBLICANOS,Sim
2242000-90,Minoria,Liberado
2242000-90,PTB,Sim
2242000-90,PSB,Sim
2242000-90,PP,Sim
2242000-90,MDB,Sim
2242000-90,PODE,Não
2242000-83,PSOL,Sim
2242000-83,PATRIOTA,Não
2242000-83,AVANTE,Não
2242000-83,PSL,Sim
2242000-83,NOVO,Não
2242000-83,PL,Não
2242000-83,MDB,Não
2242000-83,PCdoB,Sim
2242000-83,PROS,Não
2242000-83,DEM,Não
2242000-83,PP,Não
2242000-83,PSD,Não
2242000-83,PT,Sim
2242000-83,Minoria,Sim
2242000-83,PSDB,Não
2242000-83,Governo,Não
2242000-83,PDT,Sim
2242000-83,PSB,Sim
2242000-83,PV,Não
2242000-83,REDE,Sim
2242000-83,PTB,Não
2242000-83,REPUBLICANOS,Liberado
2242000-83,CIDADANIA,Liberado
2242000-83,SOLIDARIEDADE,Sim
2242140-138,PSOL,Não
2242140-138,PROS,Sim
2242140-138,PSL,Sim
2242140-138,NOVO,Sim
2242140-138,PL,Sim
2242140-138,Governo,Sim
2242140-138,REPUBLICANOS,Sim
2242140-138,PSB,Não
2242140-138,PSDB,Sim
2242140-138,PDT,Não
2242140-138,PTB,Sim
2242140-138,PSD,Sim
2242140-138,CIDADANIA,Sim
2242140-138,PCdoB,Não
2242140-138,DEM,Não
2242140-138,REDE,Não
2242140-138,Oposição,Não
2242140-138,PT,Não
2242140-138,PV,Sim
2242140-138,Minoria,Não
2242140-138,PODE,Sim
2242140-138,PP,Sim
2242140-138,AVANTE,Sim
2242140-138,MDB,Sim
2242140-138,PSC,Sim
2242140-138,SOLIDARIEDADE,Sim
2242140-81,PTB,Sim
2242140-81,PSOL,Sim
2242140-81,CIDADANIA,Não
2242140-81,PROS,Sim
2242140-81,MDB,Não
2242140-81,PSD,Não
2242140-81,PODE,Sim
2242140-81,PL,Não
2242140-81,REPUBLICANOS,Não
2242140-81,PSB,Sim
2242140-81,PP,Não
2242140-81,PCdoB,Sim
2242140-81,Maioria,Liberado
2242140-81,Governo,Não
2242140-81,AVANTE,Não
2242140-81,Minoria,Sim
2242140-81,PV,Sim
2242140-81,PT,Sim
2242140-81,NOVO,Não
2242140-81,PSDB,Sim
2242140-81,PDT,Sim
2242140-81,DEM,Sim
2242140-81,SOLIDARIEDADE,Sim
2242282-7,NOVO,Não
2242282-7,PSOL,Sim
2242282-7,Minoria,Sim
2242282-7,DEM,Sim
2242282-7,REPUBLICANOS,Sim
2242282-7,PSC,Sim
2242282-7,SOLIDARIEDADE,Sim
2242282-7,PSL,Sim
2242282-7,MDB,Sim
2242282-7,PODE,Sim
2242282-7,PCdoB,Sim
2242282-7,PSD,Sim
2242282-7,PSB,Sim
2242282-7,PP,Sim
2242282-7,PT,Sim
2242282-7,CIDADANIA,Sim
2242282-7,PTB,Sim
2242282-7,PSDB,Sim
2242282-7,PROS,Sim
2242282-7,PDT,Sim
2242282-7,AVANTE,Sim
2242282-7,Governo,Sim
2242140-63,Minoria,Sim
2242140-63,CIDADANIA,Não
2242140-63,REPUBLICANOS,Não
2242140-63,Governo,Não
2242140-63,PSB,Sim
2242140-63,PROS,Sim
2242140-63,PL,Não
2242140-63,PSL,Não
2242140-63,AVANTE,Não
2242140-63,SOLIDARIEDADE,Sim
2242140-63,PCdoB,Sim
2242140-63,PDT,Sim
2242140-63,PSC,Não
2242140-63,MDB,Não
2242140-63,PSDB,Não
2242140-63,DEM,Sim
2242140-63,PT,Sim
2242140-63,NOVO,Não
2242140-63,Oposição,Sim
2242140-63,REDE,Sim
2242140-63,PSOL,Sim
2242140-63,PP,Não
2242140-63,PV,Sim
2242140-63,PTB,Sim
2242140-63,PSD,Não
2242140-63,PODE,Não
2242140-72,SOLIDARIEDADE,Não
2242140-72,AVANTE,Não
2242140-72,Minoria,Sim
2242140-72,DEM,Não
2242140-72,PODE,Liberado
2242140-72,PT,Sim
2242140-72,PTB,Não
2242140-72,PSOL,Sim
2242140-72,PV,Sim
2242140-72,REDE,Sim
2242140-72,REPUBLICANOS,Não
2242140-72,Maioria,Não
2242140-72,MDB,Não
2242140-72,PROS,Não
2242140-72,CIDADANIA,Não
2242140-72,PSL,Não
2242140-72,Governo,Não
2242140-72,PCdoB,Sim
2242140-72,PP,Não
2242140-72,PSB,Sim
2242140-72,NOVO,Não
2242140-72,PL,Não
2242140-72,PSD,Não
2242140-72,PDT,Sim
2242140-72,PSDB,Não
2242238-17,PSDB,Sim
2242238-17,PTB,Sim
2242238-17,Minoria,Liberado
2242238-17,CIDADANIA,Sim
2242238-17,PATRIOTA,
2242238-17,PROS,
2242238-17,PV,
2242238-17,PSC,
2242238-17,REDE,Não
2242238-17,PSD,Sim
2242238-17,Governo,Sim
2242238-17,Oposição,Liberado
2242238-17,PP,Sim
2242238-17,PSOL,Não
2242238-17,REPUBLICANOS,Sim
2242238-17,SOLIDARIEDADE,
2242238-17,UNIÃO,Sim
2242238-17,NOVO,Sim
2242238-17,PDT,Sim
2242238-17,PODE,
2242238-17,PT,Não
2242238-17,MDB,Sim
2242238-17,AVANTE,
2242238-17,PSB,Não
2242238-17,PCdoB,Não
2242238-17,PL,Sim
2242238-17,Maioria,Sim
2242282-7,NOVO,Não
2242282-7,PSOL,Sim
2242282-7,Minoria,Sim
2242282-7,DEM,Sim
2242282-7,REPUBLICANOS,Sim
2242282-7,PSC,Sim
2242282-7,SOLIDARIEDADE,Sim
2242282-7,PSL,Sim
2242282-7,MDB,Sim
2242282-7,PODE,Sim
2242282-7,PCdoB,Sim
2242282-7,PSD,Sim
2242282-7,PSB,Sim
2242282-7,PP,Sim
2242282-7,PT,Sim
2242282-7,CIDADANIA,Sim
2242282-7,PTB,Sim
2242282-7,PSDB,Sim
2242282-7,PROS,Sim
2242282-7,PDT,Sim
2242282-7,AVANTE,Sim
2242282-7,Governo,Sim
2242322-7,PP,Sim
2242322-7,PROS,Sim
2242322-7,PT,Sim
2242322-7,PATRIOTA,Sim
2242322-7,PSC,Sim
2242322-7,Minoria,Sim
2242322-7,CIDADANIA,Sim
2242322-7,REDE,Sim
2242322-7,PSL,Sim
2242322-7,PCdoB,Sim
2242322-7,PV,Sim
2242322-7,DEM,Sim
2242322-7,PSDB,Sim
2242322-7,Oposição,Sim
2242322-7,Governo,Sim
2242322-7,PDT,Sim
2242322-7,AVANTE,Sim
2242322-7,PODE,Sim
2242322-7,PTB,Sim
2242322-7,PSD,Sim
2242322-7,PSB,Sim
2242322-7,REPUBLICANOS,Sim
2242322-7,Maioria,Sim
2242322-7,NOVO,Não
2242322-7,SOLIDARIEDADE,Sim
2242322-7,PL,Sim
2242322-7,PSOL,Sim
2242322-7,MDB,Sim
2242344-15,PT,Sim
2242344-15,SOLIDARIEDADE,Sim
2242400-83,Maioria,Sim
2242400-83,PDT,Não
2242400-83,PSL,Não
2242400-83,DEM,Sim
2242400-83,PL,Sim
2242400-83,PATRIOTA,Sim
2242400-83,PSOL,Não
2242400-83,PV,Sim
2242400-83,REDE,Não
2242400-83,NOVO,Não
2242400-83,PSDB,Sim
2242400-83,AVANTE,Sim
2242400-83,Governo,Sim
2242400-83,MDB,Sim
2242400-83,PSD,Sim
2242400-83,PCdoB,Não
2242400-83,PSB,Não
2242400-83,CIDADANIA,Não
2242400-83,PT,Não
2242400-83,REPUBLICANOS,Sim
2242400-83,PTB,Liberado
2242400-83,Minoria,Não
2242400-83,SOLIDARIEDADE,Não
2242400-83,PODE,Sim
2242400-83,PP,Sim
2242413-81,PSB,Sim
2242413-81,SOLIDARIEDADE,Não
2242413-81,PSOL,Sim
2242413-81,PSL,Não
2242413-81,PODE,Não
2242413-81,PDT,Sim
2242413-81,PT,Sim
2242413-81,PROS,Não
2242413-81,NOVO,Não
2242413-81,PCdoB,Sim
2242413-81,REPUBLICANOS,Não
2242413-81,DEM,Sim
2242413-81,CIDADANIA,Sim
2242413-81,Governo,Não
2242413-81,Minoria,Sim
2242413-81,PSDB,Não
2242413-81,PSD,Não
2242413-81,Oposição,Sim
2242413-81,MDB,Não
2242413-59,PDT,Sim
2242413-59,PSL,Não
2242413-59,PROS,Não
2242413-59,PT,Sim
2242413-59,Oposição,Sim
2242413-59,NOVO,Não
2242413-59,PSD,Não
2242413-59,Governo,Não
2242413-59,SOLIDARIEDADE,Não
2242413-59,CIDADANIA,Não
2242413-59,PP,Não
2242413-59,REDE,Sim
2242413-59,PSOL,Sim
2242413-59,Minoria,Sim
2242413-59,PL,Não
2242413-59,DEM,Não
2242413-59,PODE,Sim
2242413-59,PTB,Não
2242413-59,MDB,Não
2242413-59,PSDB,Sim
2242413-59,REPUBLICANOS,Não
2242413-59,AVANTE,Não
2242413-59,PCdoB,Sim
2242413-59,PSB,Sim
2242488-56,CIDADANIA,Não
2242488-56,DEM,Não
2242488-56,AVANTE,Não
2242488-56,Minoria,Sim
2242488-56,PT,Sim
2242488-56,PSDB,Não
2242488-56,PP,Não
2242488-56,PSD,Não
2242488-56,PCdoB,Sim
2242488-56,PSB,Sim
2242488-56,MDB,Não
2242488-56,REPUBLICANOS,Não
2242488-56,PSL,Não
2242488-56,PROS,Não
2242488-56,PDT,Sim
2242488-56,PSOL,Sim
2242488-56,Governo,Não
2242488-56,PL,Não
2242488-56,PODE,Não
2242488-56,SOLIDARIEDADE,Não
2242488-56,PV,Sim
2242488-56,NOVO,Não
2242488-56,PTB,Não
2242488-56,REDE,Sim
2242488-56,Maioria,Não
2242488-47,NOVO,Não
2242488-47,PL,Sim
2242488-47,PT,Não
2242488-47,SOLIDARIEDADE,Sim
2242488-47,DEM,Sim
2242488-47,REPUBLICANOS,Sim
2242488-47,PODE,Sim
2242488-47,Minoria,Não
2242488-47,Maioria,Sim
2242488-47,PCdoB,Não
2242488-47,PDT,Não
2242488-47,CIDADANIA,Não
2242488-47,PSD,Sim
2242488-47,PSC,Sim
2242488-47,Governo,Não
2242488-47,PTB,Sim
2242488-47,PSL,Sim
2242488-47,Oposição,Não
2242488-47,PSOL,Não
2242488-47,MDB,Sim
2242488-47,PSDB,Sim
2242488-47,PP,Sim
2242488-47,PROS,Sim
2242488-47,REDE,Não
2242488-47,PSB,Não
2242488-47,PV,Sim
2242583-66,REPUBLICANOS,Sim
2242583-66,PSB,Sim
2242583-66,REDE,Sim
2242583-66,DEM,Sim
2242583-66,PSOL,Não
2242583-66,Governo,Sim
2242583-66,PSL,Sim
2242583-66,PCdoB,Sim
2242583-66,CIDADANIA,Sim
2242583-66,PSDB,Sim
2242583-66,SOLIDARIEDADE,Sim
2242583-66,PV,Sim
2242583-66,PL,Sim
2242583-66,PSD,Sim
2242583-66,PATRIOTA,Sim
2242583-66,Minoria,Sim
2242583-66,NOVO,Não
2242583-66,PTB,Sim
2242583-66,PROS,Sim
2242583-66,AVANTE,Sim
2242583-66,PODE,Sim
2242583-66,MDB,Sim
2242583-66,PSC,Sim
2242583-66,Oposição,Sim
2242583-66,PDT,Sim
2242583-66,Maioria,Sim
2242583-66,PP,Sim
2242583-63,Maioria,Sim
2242583-63,Governo,Sim
2242583-63,PSB,Sim
2242583-63,SOLIDARIEDADE,Sim
2242583-63,Minoria,Sim
2242583-63,PT,Sim
2242583-63,PCdoB,Sim
2242583-63,PV,Sim
2242583-63,PL,Sim
2242583-63,REPUBLICANOS,Sim
2242583-63,PSD,Sim
2242583-63,AVANTE,Sim
2242583-63,PROS,Sim
2242583-63,Oposição,Sim
2242583-63,NOVO,Sim
2242583-63,PSL,Sim
2242583-63,PTB,Sim
2242583-63,PODE,Sim
2242583-63,PDT,Sim
2242583-63,DEM,Sim
2242583-63,PSOL,Não
2242583-63,REDE,Sim
2242583-63,PATRIOTA,Sim
2242583-63,PSC,Sim
2242583-63,PSDB,Sim
2242583-63,MDB,Sim
2242583-63,CIDADANIA,Sim
2242583-63,PP,Sim
2242583-46,Maioria,Não
2242583-46,Minoria,Não
2242583-46,Oposição,Não
2242583-25,SOLIDARIEDADE,Sim
2242583-25,PT,Sim
2242583-61,REPUBLICANOS,Sim
2242583-61,PODE,Sim
2242583-61,Governo,Sim
2242583-61,SOLIDARIEDADE,Sim
2242583-61,REDE,Sim
2242583-61,PDT,Sim
2242583-61,PCdoB,Sim
2242583-61,PL,Sim
2242583-61,PV,Sim
2242583-61,PSL,Sim
2242583-61,PSDB,Sim
2242583-61,Maioria,Sim
2242583-61,PSB,Sim
2242583-61,PTB,Sim
2242583-61,PP,Sim
2242583-61,PSOL,Sim
2242583-61,CIDADANIA,Sim
2242583-61,PROS,Sim
2242583-61,AVANTE,Sim
2242583-61,PT,Sim
2242583-61,PSD,Sim
2242583-61,Minoria,Sim
2242583-61,NOVO,Sim
2242583-61,MDB,Sim
2242583-61,PSC,Sim
2242583-61,DEM,Sim
2242583-61,Oposição,Sim
2242583-61,PATRIOTA,Sim
2242618-79,PV,Não
2242618-79,PSB,Não
2242618-79,PROS,Sim
2242618-79,PSOL,Não
2242618-79,MDB,Sim
2242618-79,CIDADANIA,Não
2242618-79,PATRIOTA,Sim
2242618-79,PL,Sim
2242618-79,Maioria,Sim
2242618-79,PSD,Sim
2242618-79,PSDB,Sim
2242618-79,PT,Não
2242618-79,REPUBLICANOS,Sim
2242618-79,PSL,Sim
2242618-79,PP,Sim
2242618-79,Oposição,Não
2242618-79,REDE,Não
2242618-79,PDT,Não
2242618-79,PSC,Sim
2242618-79,Governo,Sim
2242618-79,SOLIDARIEDADE,Sim
2242618-79,AVANTE,Sim
2242618-79,Minoria,Não
2242618-79,NOVO,Não
2242618-79,PTB,Sim
2242618-79,PCdoB,Não
2242583-51,PODE,Sim
2242583-51,PATRIOTA,Sim
2242583-51,Oposição,Sim
2242583-51,PROS,Sim
2242583-51,Maioria,Sim
2242583-51,PCdoB,Sim
2242583-51,DEM,Sim
2242583-51,SOLIDARIEDADE,Sim
2242583-51,PDT,Sim
2242583-51,PSD,Sim
2242583-51,NOVO,Sim
2242583-51,PV,Sim
2242583-51,MDB,Sim
2242583-51,PSL,Sim
2242583-51,PSOL,Sim
2242583-51,REDE,Sim
2242583-51,PSB,Sim
2242583-51,PP,Sim
2242583-51,CIDADANIA,Sim
2242583-51,PTB,Sim
2242583-51,PSDB,Sim
2242583-51,PSC,Sim
2242583-51,REPUBLICANOS,Sim
2242583-51,PL,Sim
2242583-51,AVANTE,Sim
2242583-51,PT,Sim
2242583-51,Governo,Sim
2242583-51,Minoria,Sim
2242583-55,PSD,Sim
2242583-55,PCdoB,Sim
2242583-55,Maioria,Sim
2242583-55,PSOL,Não
2242583-55,NOVO,Sim
2242583-55,PV,Liberado
2242583-55,CIDADANIA,Sim
2242583-55,PP,Sim
2242583-55,MDB,Sim
2242583-55,PODE,Sim
2242583-55,DEM,Sim
2242583-55,PSB,Sim
2242583-55,PL,Sim
2242583-55,PSL,Sim
2242618-52,REPUBLICANOS,Sim
2242618-52,REDE,Não
2242618-52,PSOL,Não
2242618-52,PSL,Sim
2242618-52,Oposição,Não
2242618-52,PDT,Não
2242618-52,DEM,Sim
2242618-52,SOLIDARIEDADE,Não
2242618-52,CIDADANIA,Sim
2242618-52,PODE,Sim
2242618-52,PSD,Sim
2242618-52,Governo,Sim
2242618-52,PATRIOTA,Sim
2242618-52,PSDB,Sim
2242618-52,PROS,Sim
2242618-52,PSB,Não
2242618-52,PL,Sim
2242618-52,PV,Sim
2242618-52,Maioria,Sim
2242618-52,Minoria,Não
2242618-52,PP,Sim
2242618-52,PT,Não
2242618-52,PSC,Sim
2242618-52,NOVO,Sim
2242618-52,PCdoB,Não
2242618-52,MDB,Sim
2242618-52,AVANTE,Sim
2242618-52,PTB,Sim
2242621-7,PL,Sim
2242621-7,PCdoB,Sim
2242621-7,NOVO,Sim
2242621-7,PT,Sim
2242621-7,PSOL,Não
2242621-7,PP,Sim
2242621-7,PSD,Sim
2242621-7,Maioria,Sim
2242621-7,PSDB,Sim
2242621-7,PDT,Sim
2242621-7,MDB,Sim
2247459-6,Minoria,Liberado
2247459-6,PL,Não
2247459-6,REPUBLICANOS,Não
2247459-6,NOVO,Não
2247459-6,PSD,Não
2247459-6,Governo,Não
2247459-6,PSB,Não
2242821-129,SOLIDARIEDADE,Sim
2242821-129,PATRIOTA,Sim
2242821-129,PTB,Sim
2242821-129,Minoria,Liberado
2242821-129,NOVO,Sim
2242821-129,PROS,Sim
2242821-129,PSDB,Sim
2242821-129,PL,Sim
2242821-129,REDE,Sim
2242821-129,REPUBLICANOS,Sim
2242821-129,PSD,Sim
2242821-129,PDT,Sim
2242821-129,DEM,Sim
2242821-129,AVANTE,Sim
2242821-129,PSB,Sim
2242821-129,PP,Sim
2242821-129,MDB,Sim
2242821-129,PSL,Sim
2242821-129,PSOL,Não
2242821-129,CIDADANIA,Sim
2242821-129,PSC,Sim
2242821-129,PT,Não
2242821-129,PV,Sim
2242821-129,Governo,Sim
2242821-129,PCdoB,Não
2242821-129,PODE,Sim
2242821-110,PCdoB,Sim
2242821-110,AVANTE,Não
2242821-110,PL,Sim
2242821-110,REDE,Não
2242821-110,PT,Sim
2242821-110,REPUBLICANOS,Sim
2242821-110,PSOL,Sim
2242821-110,PTB,Sim
2242821-110,MDB,Sim
2242821-110,PV,Não
2242821-110,PP,Sim
2242821-110,NOVO,Não
2242821-110,Oposição,Liberado
2242821-110,PODE,Não
2242821-110,CIDADANIA,Não
2242821-110,PDT,Não
2242821-110,PSD,Sim
2242821-110,PSB,Não
2242821-110,PSL,Não
2242821-110,Minoria,Liberado
2242821-110,PSDB,Não
2242821-110,DEM,Sim
2242868-76,Oposição,Sim
2242868-76,PSL,Não
2242868-76,Governo,Não
2242868-76,SOLIDARIEDADE,Sim
2242868-76,MDB,Não
2242868-76,PSC,Não
2242868-76,PSOL,Sim
2242868-76,AVANTE,Não
2242868-76,PODE,Sim
2242868-76,Minoria,Sim
2242868-76,PP,Não
2242868-76,PSD,Não
2242868-76,PATRIOTA,Não
2242868-76,PDT,Sim
2242868-76,PCdoB,Sim
2242868-76,NOVO,Não
2242868-76,DEM,Não
2242868-76,PSB,Sim
2242868-76,REPUBLICANOS,Não
2242868-76,REDE,Sim
2242868-76,CIDADANIA,Não
2242868-76,PSDB,Sim
2242868-76,PTB,Sim
2242868-76,PROS,Não
2242868-76,PL,Não
2242868-76,PT,Sim
2242888-115,PODE,Sim
2242888-115,PV,Não
2242888-115,SOLIDARIEDADE,Sim
2242888-115,PCdoB,Não
2242888-115,PSB,Não
2242888-115,CIDADANIA,Sim
2242888-115,PSOL,Obstrução
2242888-115,NOVO,Sim
2242888-115,Governo,Sim
2242888-115,PL,Sim
2242888-115,Minoria,Não
2242888-115,PSDB,Sim
2242888-115,REPUBLICANOS,Sim
2242888-115,MDB,Sim
2242888-115,REDE,Não
2242888-115,PTB,Sim
2242888-115,PROS,Sim
2242888-115,PDT,Não
2242888-115,PT,Não
2242888-115,PSD,Sim
2242888-115,PSC,Sim
2242888-115,DEM,Sim
2242888-115,PP,Sim
2242888-115,PSL,Sim
2242888-114,PSL,Sim
2242888-114,PT,Não
2242888-114,Governo,Sim
2242888-114,PCdoB,Não
2242888-114,PSOL,Obstrução
2242888-114,CIDADANIA,Sim
2242888-114,REPUBLICANOS,Sim
2242888-114,SOLIDARIEDADE,Sim
2242888-114,PODE,Sim
2242888-114,PSC,Sim
2242888-114,MDB,Sim
2242888-114,PSDB,Sim
2242888-114,PSB,Não
2242888-114,PV,Não
2242888-114,PDT,Não
2242888-114,PL,Sim
2242888-114,PP,Sim
2242888-114,REDE,Não
2242888-114,PROS,Sim
2242888-114,DEM,Sim
2242888-114,PSD,Sim
2242888-114,Minoria,Não
2242888-114,PTB,Sim
2242888-114,NOVO,Sim
2242888-100,PTB,Sim
2242888-100,PSOL,Não
2242888-100,PP,Sim
2242888-100,REPUBLICANOS,Sim
2242888-100,SOLIDARIEDADE,Sim
2242888-100,PSL,Sim
2242888-100,NOVO,Sim
2242888-100,MDB,Sim
2242888-100,PROS,Sim
2242888-100,PSDB,Sim
2242888-100,PL,Sim
2242888-100,PSD,Sim
2242888-100,PDT,Não
2242888-100,PODE,Sim
2242888-100,DEM,Sim
2242888-100,PCdoB,Não
2242888-100,PSB,Não
2242888-100,Minoria,Não
2242888-100,CIDADANIA,Sim
2242888-100,PSC,Sim
2242888-100,Governo,Sim
2242888-100,PT,Não
2242888-111,PDT,Não
2242888-111,PP,Sim
2242888-111,PCdoB,Não
2242888-111,AVANTE,Sim
2242888-111,PSB,Não
2242888-111,MDB,Sim
2242888-111,NOVO,Sim
2242888-111,PSC,Sim
2242888-111,PODE,Sim
2242888-111,PTB,Sim
2242888-111,PV,Sim
2242888-111,Governo,Sim
2242888-111,PSL,Sim
2242888-111,CIDADANIA,Sim
2242888-111,REDE,Não
2242888-111,PROS,Sim
2242888-111,PSDB,Sim
2242888-111,PSD,Sim
2242888-111,SOLIDARIEDADE,Sim
2242888-111,PL,Sim
2242888-111,PSOL,Não
2242888-111,PT,Não
2242888-111,DEM,Sim
2242888-111,REPUBLICANOS,Sim
2242888-111,Minoria,Não
2242888-108,PSL,Sim
2242888-108,Governo,Sim
2242888-108,Minoria,Não
2242888-108,PSC,Sim
2242888-108,MDB,Sim
2242888-108,PSDB,Sim
2242888-108,PODE,Sim
2242888-108,PT,Não
2242888-108,REPUBLICANOS,Sim
2242888-108,PSB,Não
2242888-108,PP,Sim
2242888-108,PTB,Sim
2242888-108,DEM,Sim
2242888-108,CIDADANIA,Não
2242888-108,PL,Sim
2242888-108,SOLIDARIEDADE,Sim
2242888-108,PDT,Não
2242888-108,REDE,Não
2242888-108,PROS,Sim
2242888-108,PSOL,Não
2242888-108,AVANTE,Sim
2242888-108,PSD,Sim
2242888-108,Oposição,Não
2242888-108,PV,Não
2242888-108,PCdoB,Não
2242888-108,NOVO,Sim
2242888-95,PSB,Sim
2242888-95,CIDADANIA,Não
2242888-95,PODE,Não
2242888-95,PSD,Não
2242888-95,AVANTE,Não
2242888-95,PCdoB,Sim
2242888-95,Minoria,Sim
2242888-95,PT,Sim
2242888-95,PV,Sim
2242888-95,MDB,Não
2242888-95,Governo,Não
2242888-95,DEM,Não
2242888-95,PTB,Não
2242888-95,PSDB,Não
2242888-95,PDT,Sim
2242888-95,PSC,Não
2242888-95,PL,Não
2242888-95,PSOL,Sim
2242888-95,PP,Não
2242888-95,REDE,Sim
2242888-95,REPUBLICANOS,Não
2242888-95,SOLIDARIEDADE,Não
2242888-95,PSL,Não
2242888-95,NOVO,Não
2242888-95,PROS,Não
2242888-78,PODE,Não
2242888-78,CIDADANIA,Sim
2242888-78,PDT,Sim
2242888-78,DEM,Não
2242888-78,SOLIDARIEDADE,Liberado
2242888-78,PSC,Não
2242888-78,AVANTE,Não
2242888-78,PL,Não
2242888-78,PP,Não
2242888-78,PSD,Não
2242888-78,REPUBLICANOS,Liberado
2242888-78,NOVO,Não
2242888-78,PTB,Não
2242888-78,PCdoB,Sim
2242888-78,PSDB,Sim
2242888-78,REDE,Sim
2242888-78,MDB,Não
2242888-78,PT,Sim
2242888-78,Minoria,Liberado
2242888-78,PSOL,Obstrução
2242888-78,PSB,Não
2242888-78,PROS,Não
2242888-78,PSL,Não
2242888-78,Governo,Não
2242888-93,PSDB,Não
2242888-93,PDT,Não
2242888-93,PT,Obstrução
2242888-93,PROS,Não
2242888-93,PV,Não
2242888-93,Governo,Não
2242888-93,REDE,Não
2242888-93,REPUBLICANOS,Não
2242888-93,DEM,Não
2242888-93,SOLIDARIEDADE,Não
2242888-93,PTB,Não
2242888-93,PSC,Não
2242888-93,NOVO,Não
2242888-93,PCdoB,Não
2242888-93,AVANTE,Não
2242888-93,PSB,Não
2242888-93,MDB,Não
2242888-93,PSL,Não
2242888-93,PSOL,Obstrução
2242888-93,PL,Não
2242888-93,PSD,Não
2242888-93,Minoria,Liberado
2242888-93,PP,Não
2242888-93,CIDADANIA,Não
2242888-71,Governo,Sim
2242888-71,PT,Não
2242888-71,REDE,Sim
2242888-71,PROS,Sim
2242888-71,DEM,Sim
2242888-71,PSOL,Não
2242888-71,AVANTE,Sim
2242888-71,NOVO,Sim
2242888-71,PSD,Sim
2242888-71,CIDADANIA,Sim
2242888-71,PTB,Sim
2242888-71,PSC,Sim
2242888-71,PP,Sim
2242888-71,SOLIDARIEDADE,Sim
2242888-71,PCdoB,Sim
2242888-71,PODE,Sim
2242888-71,PSB,Sim
2242888-71,PDT,Sim
2242888-71,MDB,Sim
2242888-71,PL,Sim
2242888-71,Minoria,Liberado
2242888-71,REPUBLICANOS,Sim
2242888-71,PSDB,Sim
2242888-71,PSL,Sim
2242888-105,PDT,Sim
2242888-105,PSD,Não
2242888-105,PSC,Não
2242888-105,PSDB,Não
2242888-105,PP,Não
2242888-105,PL,Não
2242888-105,NOVO,Não
2242888-105,REPUBLICANOS,Não
2242888-105,SOLIDARIEDADE,Não
2242888-105,PT,Sim
2242888-105,CIDADANIA,Sim
2242888-105,PSOL,Sim
2242888-105,PSL,Não
2242888-105,PV,Sim
2242888-105,PROS,Não
2242888-105,REDE,Sim
2242888-105,PSB,Sim
2242888-105,PCdoB,Sim
2242888-105,DEM,Não
2242888-105,Minoria,Sim
2242888-105,PTB,Não
2242888-105,MDB,Não
2242888-105,AVANTE,Não
2242888-105,Oposição,Sim
2242888-105,PODE,Não
2242888-105,Governo,Não
2242888-67,MDB,Sim
2242888-67,PSD,Sim
2242888-67,REPUBLICANOS,Sim
2242888-67,CIDADANIA,Sim
2242888-67,PDT,Não
2242888-67,DEM,Sim
2242888-67,PTB,Sim
2242888-67,REDE,Sim
2242888-67,PP,Sim
2242888-67,Minoria,Liberado
2242888-67,PODE,Sim
2242888-67,PT,Não
2242888-67,SOLIDARIEDADE,Sim
2242888-67,PCdoB,Sim
2242888-67,Governo,Sim
2242888-67,PSOL,Obstrução
2242888-67,NOVO,Sim
2242888-67,PSDB,Sim
2242888-67,PSB,Sim
2242888-67,PSL,Sim
2242888-67,AVANTE,Sim
2242888-67,PL,Sim
2242888-67,PSC,Sim
2242888-67,PROS,Sim
2242888-66,PTB,Sim
2242888-66,PP,Sim
2242888-66,Governo,Sim
2242888-66,PL,Sim
2242888-66,DEM,Sim
2242888-66,PROS,Sim
2242888-66,MDB,Sim
2242888-66,PT,Não
2242888-66,PSD,Sim
2242888-66,REPUBLICANOS,Sim
2242888-66,PSDB,Sim
2242888-66,PCdoB,Sim
2242888-66,REDE,Sim
2242888-66,PSB,Sim
2242888-66,PSL,Sim
2242888-66,PODE,Sim
2242888-66,Minoria,Liberado
2242888-66,SOLIDARIEDADE,Sim
2242888-66,NOVO,Sim
2242888-66,PSOL,Obstrução
2242888-66,CIDADANIA,Sim
2242888-66,PSC,Sim
2242888-66,PDT,Não
2242888-60,PSD,Não
2242888-60,SOLIDARIEDADE,Não
2242888-60,PSOL,Obstrução
2242888-60,PCdoB,Sim
2242888-60,PL,Não
2242888-60,PT,Sim
2242888-60,PDT,Sim
2242888-60,PSL,Não
2242888-60,AVANTE,Não
2242888-60,Governo,Não
2242888-60,Minoria,Liberado
2242888-60,NOVO,Não
2242888-60,DEM,Não
2242888-60,PTB,Não
2242888-60,REPUBLICANOS,Não
2242888-60,PODE,Não
2242888-60,MDB,Não
2242888-60,PP,Não
2242888-60,REDE,Não
2242888-60,PSC,Não
2242888-60,PSB,Não
2242888-60,CIDADANIA,Não
2242888-60,PSDB,Não
2242888-60,PROS,Não
2242888-56,Governo,Não
2242888-56,PTB,Não
2242888-56,AVANTE,Não
2242888-56,PCdoB,Sim
2242888-56,PSD,Não
2242888-56,SOLIDARIEDADE,Não
2242888-56,MDB,Não
2242888-56,PDT,Sim
2242888-56,DEM,Não
2242888-56,Minoria,Liberado
2242888-56,PP,Não
2242888-56,PROS,Não
2242888-56,PL,Não
2242888-56,PSDB,Não
2242888-56,PODE,Não
2242888-56,PT,Sim
2242888-56,PSB,Não
2242888-56,PSOL,Obstrução
2242888-56,REDE,Sim
2242888-56,CIDADANIA,Não
2242888-56,REPUBLICANOS,Não
2242888-56,PSL,Não
2242888-56,NOVO,Não
2242888-48,PP,Não
2242888-48,PSB,Não
2242888-48,REPUBLICANOS,Não
2242888-48,PDT,Sim
2242888-48,SOLIDARIEDADE,Não
2242888-48,PSL,Não
2242888-48,PROS,Não
2242888-48,PSD,Não
2242888-48,Governo,Não
2242888-48,PSDB,Não
2242888-48,PT,Sim
2242888-48,NOVO,Não
2242888-48,PODE,Não
2242888-48,CIDADANIA,Não
2242888-48,DEM,Não
2242888-48,PCdoB,Sim
2242888-48,Minoria,Liberado
2242888-48,PL,Não
2242888-48,PTB,Não
2242888-48,AVANTE,Não
2242888-48,MDB,Não
2242888-48,REDE,Sim
2242888-48,PSOL,Obstrução
2242887-95,PT,Sim
2242887-95,PP,Não
2242887-95,Oposição,Sim
2242887-95,PSC,Não
2242887-95,PCdoB,Sim
2242887-95,PV,Não
2242887-95,PSDB,Não
2242887-95,PTB,Não
2242887-95,PSL,Não
2242887-95,Minoria,Sim
2242887-95,NOVO,Não
2242887-95,PSD,Não
2242887-95,MDB,Não
2242887-95,PROS,Não
2242887-95,SOLIDARIEDADE,Não
2242887-95,PSB,Sim
2242887-95,CIDADANIA,Não
2242887-95,PDT,Sim
2242887-95,REDE,Sim
2242887-95,REPUBLICANOS,Não
2242887-95,Governo,Não
2242887-95,PL,Não
2242887-95,DEM,Não
2242887-95,PSOL,Sim
2242888-38,PSD,Não
2242888-38,PSOL,Obstrução
2242888-38,SOLIDARIEDADE,Não
2242888-38,NOVO,Não
2242888-38,Governo,Não
2242888-38,PSDB,Não
2242888-38,CIDADANIA,Não
2242888-38,DEM,Não
2242888-38,PTB,Não
2242888-38,PV,Não
2242888-38,REPUBLICANOS,Não
2242888-38,PROS,Não
2242888-38,PP,Não
2242888-38,PT,Sim
2242888-38,PCdoB,Sim
2242888-38,PSC,Não
2242888-38,PODE,Não
2242888-38,PDT,Não
2242888-38,PSL,Não
2242888-38,PL,Não
2242888-38,Oposição,Liberado
2242888-38,REDE,Não
2242887-64,Governo,Não
2242887-64,PSD,Não
2242887-64,PSB,Sim
2242887-64,CIDADANIA,Sim
2242887-64,DEM,Não
2242887-64,Minoria,Liberado
2242887-64,PL,Não
2242887-64,REDE,Sim
2242887-64,PP,Não
2242887-64,REPUBLICANOS,Não
2242887-64,PODE,Não
2242887-64,PT,Sim
2242887-64,PCdoB,Sim
2242887-64,MDB,Não
2242887-64,PTB,Não
2242887-64,PSOL,Sim
2242887-64,PSDB,Não
2242887-64,PDT,Não
2242887-64,PSL,Não
2242887-64,SOLIDARIEDADE,Não
2242887-64,NOVO,Não
2242887-152,PSC,Não
2242887-152,REPUBLICANOS,Não
2242887-152,DEM,Não
2242887-152,PV,Não
2242887-152,PP,Não
2242887-152,PDT,Sim
2242887-152,PSDB,Não
2242887-152,PT,Sim
2242887-152,PTB,Não
2242887-152,REDE,Sim
2242887-152,Oposição,Não
2242887-152,PODE,Não
2242887-152,PSD,Não
2242887-152,PSB,Sim
2242887-152,PL,Não
2242887-152,SOLIDARIEDADE,Sim
2242887-152,PROS,Não
2242887-152,PSL,Não
2242887-152,MDB,Não
2242887-152,Governo,Não
2242887-152,CIDADANIA,Sim
2242887-152,Minoria,Não
2242887-152,NOVO,Não
2242887-152,PATRIOTA,Não
2242887-152,PSOL,Sim
2242887-152,Maioria,Não
2242887-152,AVANTE,Não
2242887-152,PCdoB,Sim
2242887-100,PL,Sim
2242887-100,PSDB,Sim
2242887-100,PP,Sim
2242887-100,PROS,Sim
2242887-100,REDE,Não
2242887-100,SOLIDARIEDADE,Não
2242887-100,PSD,Sim
2242887-100,PT,Não
2242887-100,Minoria,Não
2242887-100,MDB,Sim
2242887-100,PSOL,Não
2242887-100,PODE,Sim
2242887-100,PCdoB,Não
2242887-100,NOVO,Não
2242887-100,PTB,Sim
2242887-100,Governo,Sim
2242887-100,REPUBLICANOS,Sim
2242887-100,PSL,Não
2242887-100,PSC,Sim
2242887-100,DEM,Sim
2242887-100,PDT,Não
2242887-100,CIDADANIA,Não
2242887-100,PSB,Não
2242887-82,PT,Não
2242887-82,PL,Não
2242887-82,PP,Não
2242887-82,REPUBLICANOS,Não
2242887-82,Governo,Não
2242887-82,PCdoB,Não
2242887-82,PATRIOTA,Não
2242887-82,PSDB,Não
2242887-82,NOVO,Não
2242887-82,CIDADANIA,Sim
2242887-82,PDT,Sim
2242887-82,PSD,Não
2242887-82,PSL,Não
2242887-82,PSB,Não
2242887-82,REDE,Não
2242887-82,Minoria,Liberado
2242887-82,PTB,Não
2242887-82,PV,Não
2242887-82,DEM,Sim
2242887-82,PROS,Não
2242887-82,MDB,Sim
2242887-82,PSOL,Não
2242887-82,PSC,Não
2242887-82,PODE,Não
2242887-82,SOLIDARIEDADE,Não
2242887-109,Minoria,Sim
2242887-109,PT,Sim
2242887-109,PROS,Não
2242887-109,PV,Sim
2242887-109,Governo,Não
2242887-109,Oposição,Sim
2242887-109,DEM,Não
2242887-109,REDE,Sim
2242887-109,PDT,Sim
2242887-109,Maioria,Não
2242887-109,NOVO,Sim
2242887-109,REPUBLICANOS,Não
2242887-109,PSB,Sim
2242887-109,SOLIDARIEDADE,Não
2242887-109,CIDADANIA,Sim
2242887-109,PCdoB,Sim
2242887-109,PSD,Não
2242887-109,PODE,Não
2242887-109,PSDB,Sim
2242887-109,PL,Não
2242887-109,PSC,Não
2242887-109,AVANTE,Não
2242887-109,PP,Não
2242887-109,PSOL,Sim
2242887-109,PTB,Não
2242887-109,PSL,Não
2242887-67,PTB,Sim
2242887-67,NOVO,Sim
2242887-67,PCdoB,Não
2242887-67,PODE,Sim
2242887-67,Minoria,Não
2242887-67,PP,Sim
2242887-67,Governo,Sim
2242887-67,REPUBLICANOS,Sim
2242887-67,PSOL,Não
2242887-67,CIDADANIA,Não
2242887-67,DEM,Sim
2242887-67,MDB,Sim
2242887-67,PROS,Sim
2242887-67,PL,Sim
2242887-67,PSD,Sim
2242887-67,PSL,Sim
2242887-67,PSB,Não
2242887-67,REDE,Não
2242887-67,PDT,Não
2242887-67,PV,Não
2242887-67,PT,Não
2242887-67,PSDB,Sim
2242887-57,PODE,Não
2242887-57,PT,Sim
2242887-57,PSDB,Não
2242887-57,PDT,Não
2242887-57,PSB,Sim
2242887-57,AVANTE,Não
2242887-57,REDE,Sim
2242887-57,Oposição,Liberado
2242887-57,DEM,Não
2242887-57,PTB,Não
2242887-57,Minoria,Liberado
2242887-57,PSL,Não
2242887-57,PROS,Não
2242887-57,PSOL,Sim
2242887-57,REPUBLICANOS,Não
2242887-57,PCdoB,Sim
2242887-57,MDB,Não
2242887-57,PSD,Não
2242887-57,CIDADANIA,Não
2242887-57,Governo,Não
2242887-57,NOVO,Não
2242887-57,PP,Não
2242887-57,SOLIDARIEDADE,Não
2242887-57,PL,Não
2243079-156,PV,
2243079-156,PATRIOTA,Não
2243079-156,PDT,
2243079-156,Minoria,Sim
2243079-156,PODE,Não
2243079-156,PSD,Não
2243079-156,Oposição,
2243079-156,PSDB,
2243079-156,PSC,Não
2243079-156,REPUBLICANOS,Não
2243079-156,UNIÃO,Não
2243079-156,PSB,
2243079-156,PCdoB,
2243079-156,PTB,Não
2243079-156,PP,Não
2243079-156,NOVO,Não
2243079-156,PSOL,Sim
2243079-156,MDB,Não
2243079-156,CIDADANIA,
2243079-156,SOLIDARIEDADE,Não
2243079-156,PROS,Não
2243079-156,AVANTE,Não
2243079-156,PL,Não
2243079-156,PT,Sim
2243079-156,Governo,
2243079-156,REDE,
2243079-156,Maioria,Não
2243079-168,PSD,Sim
2243079-168,PSB,
2243079-168,REPUBLICANOS,Sim
2243079-168,CIDADANIA,
2243079-168,Minoria,Não
2243079-168,PDT,
2243079-168,PV,
2243079-168,Governo,
2243079-168,UNIÃO,Sim
2243079-168,PT,Não
2243079-168,REDE,
2243079-168,MDB,Sim
2243079-168,NOVO,Sim
2243079-168,SOLIDARIEDADE,Sim
2243079-168,PSC,Sim
2243079-168,PP,Sim
2243079-168,PSOL,
2243079-168,PSDB,
2243079-168,Oposição,Não
2243079-168,PROS,Sim
2243079-168,PODE,Sim
2243079-168,PATRIOTA,Sim
2243079-168,PTB,Sim
2243079-168,Maioria,Sim
2243079-168,AVANTE,Sim
2243079-168,PCdoB,
2243079-168,PL,Sim
2243079-162,PT,Não
2243079-162,PCdoB,
2243079-162,PSC,Sim
2243079-162,Governo,
2243079-162,UNIÃO,Sim
2243079-162,REPUBLICANOS,Sim
2243079-162,NOVO,Sim
2243079-162,Oposição,Não
2243079-162,PSD,Sim
2243079-162,PROS,Sim
2243079-162,CIDADANIA,Sim
2243079-162,PTB,Sim
2243079-162,Maioria,Sim
2243079-162,PL,Sim
2243079-162,PDT,
2243079-162,Minoria,Não
2243079-162,PATRIOTA,Sim
2243079-162,PV,
2243079-162,SOLIDARIEDADE,Sim
2243079-162,PSDB,
2243079-162,PSOL,
2243079-162,PP,Sim
2243079-162,PODE,Sim
2243079-162,PSB,
2243079-162,AVANTE,Sim
2243079-162,MDB,Sim
2243079-162,REDE,
2243079-81,Governo,Não
2243079-81,PODE,Não
2243079-81,NOVO,Sim
2243079-81,PTB,Não
2243079-81,DEM,Não
2243079-81,REPUBLICANOS,Não
2243079-81,PROS,Não
2243079-81,PSD,Não
2243079-81,PSC,Não
2243079-81,PATRIOTA,Não
2243079-81,Minoria,Sim
2243079-81,SOLIDARIEDADE,Não
2243079-81,PT,Sim
2243079-81,AVANTE,Não
2243079-81,PSB,Sim
2243079-81,PL,Não
2243079-81,PSDB,Não
2243079-81,Maioria,Não
2243079-81,REDE,Sim
2243079-81,PDT,Sim
2243079-81,PSL,Não
2243079-81,PCdoB,Sim
2243079-81,PSOL,Sim
2243079-81,MDB,Sim
2243079-81,PP,Não
2243079-117,PV,
2243079-117,CIDADANIA,
2243079-117,PT,Obstrução
2243079-117,PSD,Não
2243079-117,NOVO,Não
2243079-117,UNIÃO,Não
2243079-117,PDT,Obstrução
2243079-117,Minoria,Obstrução
2243079-117,PTB,Não
2243079-117,PCdoB,Obstrução
2243079-117,REPUBLICANOS,Não
2243079-117,PSB,Obstrução
2243079-117,PSC,Não
2243079-117,PODE,Não
2243079-117,PL,Não
2243079-117,AVANTE,Não
2243079-117,PROS,Não
2243079-117,PATRIOTA,Não
2243079-117,PSDB,Não
2243079-117,Governo,Não
2243079-117,SOLIDARIEDADE,Não
2243079-117,Maioria,Não
2243079-117,Oposição,Obstrução
2243079-117,MDB,Não
2243079-117,PP,Não
2243079-117,PSOL,
2243079-117,REDE,
2243108-76,PSC,Sim
2243108-76,PL,Sim
2243108-76,PODE,Sim
2243108-76,PSD,Liberado
2243108-76,Governo,Sim
2243108-76,REDE,Não
2243108-76,PROS,Sim
2243108-76,PSDB,Não
2243108-76,SOLIDARIEDADE,Sim
2243108-76,Oposição,Sim
2243108-76,PSL,Sim
2243108-76,PT,Não
2243108-76,PDT,Não
2243108-76,PTB,Sim
2243108-76,CIDADANIA,Sim
2243108-76,REPUBLICANOS,Sim
2243108-76,PATRIOTA,Sim
2243108-76,PSOL,Não
2243108-76,Maioria,Sim
2243108-76,PSB,Liberado
2243108-76,Minoria,Liberado
2243108-76,PCdoB,Sim
2243108-76,MDB,Sim
2243108-76,NOVO,Não
2243108-76,PV,Sim
2243108-76,PP,Sim
2243108-76,DEM,Sim
2243108-76,AVANTE,Sim
2243079-167,PROS,Sim
2243079-167,Governo,
2243079-167,UNIÃO,Sim
2243079-167,NOVO,Sim
2243079-167,PSOL,
2243079-167,PATRIOTA,Sim
2243079-167,PP,Sim
2243079-167,Maioria,Sim
2243079-167,Oposição,Não
2243079-167,PSD,Sim
2243079-167,AVANTE,Sim
2243079-167,PODE,Sim
2243079-167,PSB,
2243079-167,PTB,Sim
2243079-167,PL,Sim
2243079-167,PCdoB,
2243079-167,PDT,
2243079-167,PT,Não
2243079-167,PSDB,
2243079-167,PV,
2243079-167,PSC,Sim
2243079-167,REPUBLICANOS,Sim
2243079-167,SOLIDARIEDADE,Sim
2243079-167,REDE,
2243079-167,CIDADANIA,
2243079-167,Minoria,Não
2243079-167,MDB,Sim
2243079-161,SOLIDARIEDADE,Sim
2243079-161,PP,Sim
2243079-161,PROS,Sim
2243079-161,PSDB,
2243079-161,PODE,Sim
2243079-161,UNIÃO,Sim
2243079-161,PATRIOTA,Sim
2243079-161,Minoria,Não
2243079-161,PTB,Sim
2243079-161,Oposição,Não
2243079-161,PDT,
2243079-161,PL,Sim
2243079-161,PSOL,Não
2243079-161,CIDADANIA,
2243079-161,REPUBLICANOS,Sim
2243079-161,PSB,
2243079-161,MDB,Sim
2243079-161,AVANTE,Sim
2243079-161,PSD,Sim
2243079-161,REDE,
2243079-161,Governo,
2243079-161,PT,Não
2243079-161,PCdoB,
2243079-161,PSC,Sim
2243079-161,NOVO,Sim
2243079-161,Maioria,Sim
2243079-161,PV,
2243079-131,CIDADANIA,Sim
2243079-131,Maioria,Não
2243079-131,Governo,Não
2243079-131,PSDB,Sim
2243079-131,PT,Sim
2243079-131,PTB,Não
2243079-131,PV,
2243079-131,PDT,Sim
2243079-131,UNIÃO,Não
2243079-131,PSD,Não
2243079-131,PCdoB,Sim
2243079-131,Oposição,Sim
2243079-131,PATRIOTA,Sim
2243079-131,PSOL,Sim
2243079-131,PROS,Não
2243079-131,AVANTE,Sim
2243079-131,SOLIDARIEDADE,Não
2243079-131,PSB,Sim
2243079-131,REDE,Sim
2243079-131,PP,Não
2243079-131,NOVO,Não
2243079-131,PL,Não
2243079-131,PODE,Não
2243079-131,REPUBLICANOS,Não
2243079-131,Minoria,Sim
2243079-131,PSC,Não
2243079-131,MDB,Sim
2243079-126,Governo,Não
2243079-126,REPUBLICANOS,Não
2243079-126,AVANTE,Não
2243079-126,PSDB,Não
2243079-126,MDB,Não
2243079-126,PSD,Não
2243079-126,NOVO,Não
2243079-126,PSOL,Obstrução
2243079-126,PT,Obstrução
2243079-126,PV,Obstrução
2243079-126,Oposição,Obstrução
2243079-126,PSC,Não
2243079-126,Maioria,Não
2243079-126,SOLIDARIEDADE,Não
2243079-126,CIDADANIA,Não
2243079-126,Minoria,Obstrução
2243079-126,PP,Não
2243079-126,PDT,Obstrução
2243079-126,PROS,Não
2243079-126,PATRIOTA,Não
2243079-126,REDE,
2243079-126,PODE,Não
2243079-126,UNIÃO,Não
2243079-126,PSB,Obstrução
2243079-126,PL,Não
2243079-126,PCdoB,Obstrução
2243079-126,PTB,Não
2244773-6,PT,Não
2244773-6,CIDADANIA,Sim
2244773-6,PSL,Sim
2244773-6,DEM,Sim
2244773-6,REPUBLICANOS,Sim
2244773-6,PDT,Não
2244773-6,PSB,Não
2244773-6,PL,Sim
2244773-6,PTB,Sim
2244773-6,NOVO,Sim
2244773-6,PV,Sim
2244773-6,PSOL,Não
2244773-6,Governo,Sim
2244773-6,PCdoB,Sim
2244773-6,REDE,Sim
2244773-6,MDB,Sim
2244773-6,SOLIDARIEDADE,Sim
2244773-6,PSDB,Sim
2244773-6,PATRIOTA,Sim
2244773-6,Minoria,Não
2244773-6,PP,Sim
2244773-6,AVANTE,Sim
2244773-6,PSD,Sim
2244773-6,PSC,Sim
2244773-6,Oposição,Não
2244773-6,PODE,Sim
2244773-6,Maioria,Sim
2244773-6,PROS,Sim
2244243-105,PSOL,Não
2244243-105,PODE,Sim
2244243-105,PCdoB,Não
2244243-105,SOLIDARIEDADE,Sim
2244243-105,PTB,Sim
2244243-105,Oposição,Não
2244243-105,NOVO,Não
2244243-105,PL,Sim
2244243-105,DEM,Sim
2244243-105,PT,Não
2244243-105,Maioria,Sim
2244243-105,MDB,Sim
2244243-105,PATRIOTA,Sim
2244243-105,PSD,Sim
2244243-105,PSDB,Sim
2244243-105,REDE,Não
2244243-105,PDT,Não
2244243-105,CIDADANIA,Sim
2244243-105,PV,Sim
2244243-105,Minoria,Não
2244243-105,PP,Sim
2244243-105,PROS,Sim
2244243-105,PSL,Sim
2244243-105,REPUBLICANOS,Sim
2244243-105,PSB,Não
2244243-105,Governo,Sim
2244243-105,PSC,Sim
2244243-71,PT,Sim
2244243-71,REPUBLICANOS,Não
2244243-71,MDB,Não
2244243-71,PSD,Não
2244243-71,PDT,Não
2244243-71,PSDB,Sim
2244243-71,REDE,Sim
2244243-71,DEM,Sim
2244243-71,PSOL,Não
2244243-71,NOVO,Não
2244243-71,PL,Não
2244243-71,AVANTE,Não
2244243-71,PROS,Não
2244243-71,PTB,Não
2244243-71,PSL,Não
2244243-71,Minoria,Liberado
2244243-71,PV,Sim
2244243-71,PODE,Não
2244243-71,SOLIDARIEDADE,Não
2244243-71,PP,Não
2244243-71,Governo,Não
2244243-71,CIDADANIA,Sim
2244243-71,PATRIOTA,Não
2244243-71,PSC,Não
2244243-71,PCdoB,Não
2244243-71,PSB,Sim
2244243-62,PL,Sim
2244243-62,PSD,Sim
2244243-62,PSB,Não
2244243-62,Governo,Sim
2244243-62,PSDB,Sim
2244243-62,PROS,Sim
2244243-62,PCdoB,Não
2244243-62,DEM,Sim
2244243-62,AVANTE,Sim
2244243-62,Minoria,Não
2244243-62,PTB,Sim
2244243-62,PT,Não
2244243-62,PSOL,Não
2244243-62,REPUBLICANOS,Sim
2244243-62,PODE,Sim
2244243-62,PSC,Sim
2244243-62,PP,Sim
2244243-62,PDT,Não
2244243-62,NOVO,Não
2244243-62,MDB,Sim
2244243-62,REDE,Não
2244243-62,PSL,Sim
2244243-62,PV,Não
2244243-62,CIDADANIA,Não
2244243-62,SOLIDARIEDADE,Sim
2244243-62,PATRIOTA,Sim
2244773-6,PT,Não
2244773-6,CIDADANIA,Sim
2244773-6,PSL,Sim
2244773-6,DEM,Sim
2244773-6,REPUBLICANOS,Sim
2244773-6,PDT,Não
2244773-6,PSB,Não
2244773-6,PL,Sim
2244773-6,PTB,Sim
2244773-6,NOVO,Sim
2244773-6,PV,Sim
2244773-6,PSOL,Não
2244773-6,Governo,Sim
2244773-6,PCdoB,Sim
2244773-6,REDE,Sim
2244773-6,MDB,Sim
2244773-6,SOLIDARIEDADE,Sim
2244773-6,PSDB,Sim
2244773-6,PATRIOTA,Sim
2244773-6,Minoria,Não
2244773-6,PP,Sim
2244773-6,AVANTE,Sim
2244773-6,PSD,Sim
2244773-6,PSC,Sim
2244773-6,Oposição,Não
2244773-6,PODE,Sim
2244773-6,Maioria,Sim
2244773-6,PROS,Sim
2251922-8,PV,Sim
2251922-8,PROS,Sim
2251922-8,PT,Sim
2251922-8,PP,Não
2251922-8,PSDB,Sim
2251922-8,REPUBLICANOS,Sim
2251922-8,PSD,Não
2251922-8,Minoria,Sim
2251922-8,DEM,Sim
2251922-8,PL,Não
2251922-8,PSB,Sim
2251922-8,NOVO,Não
2251922-8,MDB,Sim
2251922-8,PCdoB,Sim
2251922-8,PDT,Sim
2251922-8,PSL,Sim
2251922-8,CIDADANIA,Sim
2251922-8,Oposição,Sim
2251922-8,Governo,Não
2251922-8,PODE,Sim
2251922-8,REDE,Sim
2251922-8,PSOL,Sim
